156,abc,A.Beginner,a
156,abc,B.Digits,b
156,abc,C.Rally,c
156,abc,D.Bouquet,d
156,abc,E.Roaming,e
156,abc,F.Modularness,f
155,abc,A.Poor,a
155,abc,"B.Papers,Please",b
155,abc,C.Poll,c
155,abc,D.Pairs,d
155,abc,E.Payment,e
155,abc,F.PerilsinParallel,f
154,abc,A.RemainingBalls,a
154,abc,B.Imissyou...,b
154,abc,C.DistinctorNot,c
154,abc,D.DiceinLine,d
154,abc,E.AlmostEverywhereZero,e
154,abc,F.ManyManyPaths,f
153,abc,A.ServalvsMonster,a
153,abc,B.CommonRaccoonvsMonster,b
153,abc,C.FennecvsMonster,c
153,abc,D.CaracalvsMonster,d
153,abc,E.CrestedIbisvsMonster,e
153,abc,F.SilverFoxvsMonster,f
152,abc,A.ACorWA,a
152,abc,B.ComparingStrings,b
152,abc,C.LowElements,c
152,abc,D.Handstand2,d
152,abc,E.Flatten,e
152,abc,F.TreeandConstraints,f
151,abc,A.NextAlphabet,a
151,abc,B.AchievetheGoal,b
151,abc,C.WelcometoAtCoder,c
151,abc,D.MazeMaster,d
151,abc,E.Max-MinSums,e
151,abc,F.EncloseAll,f
150,abc,A.500YenCoins,a
150,abc,B.CountABC,b
150,abc,C.CountOrder,c
150,abc,D.SemiCommonMultiple,d
150,abc,E.ChangeaLittleBit,e
150,abc,F.XorShift,f
149,abc,A.Strings,a
149,abc,B.GreedyTakahashi,b
149,abc,C.NextPrime,c
149,abc,D.PredictionandRestriction,d
149,abc,E.Handshake,e
149,abc,F.SurroundedNodes,f
148,abc,A.RoundOne,a
148,abc,B.StringswiththeSameLength,b
148,abc,C.Snack,c
148,abc,D.BrickBreak,d
148,abc,E.DoubleFactorial,e
148,abc,F.PlayingTagonTree,f
147,abc,A.Blackjack,a
147,abc,B.Palindrome-philia,b
147,abc,C.HonestOrUnkind2,c
147,abc,D.XorSum4,d
147,abc,E.BalancedPath,e
147,abc,F.SumDifference,f
146,abc,A.Can'tWaitforHoliday,a
146,abc,B.ROTN,b
146,abc,C.BuyanInteger,c
146,abc,D.ColoringEdgesonTree,d
146,abc,E.RemofSumisNum,e
146,abc,F.Sugoroku,f
145,abc,A.Circle,a
145,abc,B.Echo,b
145,abc,C.AverageLength,c
145,abc,D.Knight,d
145,abc,E.All-you-can-eat,e
145,abc,F.Laminate,f
144,abc,A.9x9,a
144,abc,B.81,b
144,abc,C.WalkonMultiplicationTable,c
144,abc,D.WaterBottle,d
144,abc,E.Gluttony,e
144,abc,F.ForkintheRoad,f
143,abc,A.Curtain,a
143,abc,B.TAKOYAKIFESTIVAL2019,b
143,abc,C.Slimes,c
143,abc,D.Triangles,d
143,abc,E.TravelbyCar,e
143,abc,F.DistinctNumbers,f
142,abc,A.OddsofOddness,a
142,abc,B.RollerCoaster,b
142,abc,C.GotoSchool,c
142,abc,D.DisjointSetofCommonDivisors,d
142,abc,E.GetEverything,e
142,abc,F.Pure,f
141,abc,A.WeatherPrediction,a
141,abc,B.TapDance,b
141,abc,C.AttackSurvival,c
141,abc,D.PowerfulDiscountTickets,d
141,abc,E.WhoSaysaPun?,e
141,abc,F.XorSum3,f
140,abc,A.Password,a
140,abc,B.Buffet,b
140,abc,C.MaximalValue,c
140,abc,D.FaceProducesUnhappiness,d
140,abc,E.SecondSum,e
140,abc,F.ManySlimes,f
139,abc,A.Tenki,a
139,abc,B.PowerSocket,b
139,abc,C.Lower,c
139,abc,D.ModSum,d
139,abc,E.League,e
139,abc,F.Engines,f
138,abc,A.RedorNot,a
138,abc,B.ResistorsinParallel,b
138,abc,C.Alchemist,c
138,abc,D.Ki,d
138,abc,E.StringsofImpurity,e
138,abc,F.Coincidence,f
137,abc,A.+-x,a
137,abc,B.OneClue,b
137,abc,C.GreenBin,c
137,abc,D.SummerVacation,d
137,abc,E.CoinsRespawn,e
137,abc,F.PolynomialConstruction,f
136,abc,A.Transfer,a
136,abc,B.UnevenNumbers,b
136,abc,C.BuildStairs,c
136,abc,D.GatheringChildren,d
136,abc,E.MaxGCD,e
136,abc,F.EnclosedPoints,f
135,abc,A.Harmony,a
135,abc,B.0or1Swap,b
135,abc,C.CitySavers,c
135,abc,D.DigitsParade,d
135,abc,E.Golf,e
135,abc,F.StringsofEternity,f
134,abc,A.Dodecagon,a
134,abc,B.GoldenApple,b
134,abc,C.ExceptionHandling,c
134,abc,D.PreparingBoxes,d
134,abc,E.SequenceDecomposing,e
134,abc,F.PermutationOddness,f
133,abc,A.TorT,a
133,abc,B.GoodDistance,b
133,abc,C.RemainderMinimization2019,c
133,abc,D.RainFlowsintoDams,d
133,abc,E.VirusTree2,e
133,abc,F.ColorfulTree,f
132,abc,A.Fifty-Fifty,a
132,abc,B.OrdinaryNumber,b
132,abc,C.DividetheProblems,c
132,abc,D.BlueandRedBalls,d
132,abc,E.HopscotchAddict,e
132,abc,F.SmallProducts,f
131,abc,A.Security,a
131,abc,B.BiteEating,b
131,abc,C.Anti-Division,c
131,abc,D.Megalomania,d
131,abc,E.Friendships,e
131,abc,F.MustBeRectangular!,f
130,abc,A.Rounding,a
130,abc,B.Bounding,b
130,abc,C.RectangleCutting,c
130,abc,D.EnoughArray,d
130,abc,E.CommonSubsequence,e
130,abc,F.MinimumBoundingBox,f
129,abc,A.Airplane,a
129,abc,B.Balance,b
129,abc,C.TypicalStairs,c
129,abc,D.Lamp,d
129,abc,E.SumEqualsXor,e
129,abc,F.Takahashi'sBasicsinEducationandLearning,f
128,abc,A.ApplePie,a
128,abc,B.Guidebook,b
128,abc,C.Switches,c
128,abc,D.equeue,d
128,abc,E.Roadwork,e
128,abc,F.FrogJump,f
127,abc,A.FerrisWheel,a
127,abc,B.Algae,b
127,abc,C.Prison,c
127,abc,D.IntegerCards,d
127,abc,E.CellDistance,e
127,abc,F.AbsoluteMinima,f
126,abc,A.ChangingaCharacter,a
126,abc,B.YYMMorMMYY,b
126,abc,C.DiceandCoin,c
126,abc,D.EvenRelation,d
126,abc,E.1or2,e
126,abc,F.XORMatching,f
125,abc,A.BiscuitGenerator,a
125,abc,B.Resale,b
125,abc,C.GCDonBlackboard,c
125,abc,D.FlippingSigns,d
124,abc,A.Buttons,a
124,abc,B.GreatOceanView,b
124,abc,C.ColoringColorfully,c
124,abc,D.Handstand,d
123,abc,A.FiveAntennas,a
123,abc,B.FiveDishes,b
123,abc,C.FiveTransportations,c
123,abc,D.Cake123,d
122,abc,A.DoubleHelix,a
122,abc,B.ATCoder,b
122,abc,C.GeTAC,c
122,abc,D.WeLikeAGC,d
121,abc,A.WhiteCells,a
121,abc,B.Canyousolvethis?,b
121,abc,C.EnergyDrinkCollector,c
121,abc,D.XORWorld,d
120,abc,A.FavoriteSound,a
120,abc,B.K-thCommonDivisor,b
120,abc,C.Unification,c
120,abc,D.DecayedBridges,d
119,abc,A.StillTBD,a
119,abc,B.DigitalGifts,b
119,abc,C.SyntheticKadomatsu,c
119,abc,D.LazyFaith,d
118,abc,A.B+/-A,a
118,abc,B.FoodsLovedbyEveryone,b
118,abc,C.MonstersBattleRoyale,c
118,abc,D.MatchMatching,d
117,abc,A.EntranceExamination,a
117,abc,B.Polygon,b
117,abc,C.Streamline,c
117,abc,D.XXOR,d
116,abc,A.RightTriangle,a
116,abc,B.CollatzProblem,b
116,abc,C.GrandGarden,c
116,abc,D.VariousSushi,d
115,abc,A.ChristmasEveEveEve,a
115,abc,B.ChristmasEveEve,b
115,abc,C.ChristmasEve,c
115,abc,D.Christmas,d
114,abc,A.753,a
114,abc,B.754,b
114,abc,C.755,c
114,abc,D.756,d
113,abc,A.DiscountFare,a
113,abc,B.Palace,b
113,abc,C.ID,c
113,abc,D.NumberofAmidakuji,d
112,abc,A.ProgrammingEducation,a
112,abc,B.TimeLimitExceeded,b
112,abc,C.Pyramid,c
112,abc,D.Partition,d
111,abc,A.AtCoderBeginnerContest999,a
111,abc,B.AtCoderBeginnerContest111,b
111,abc,C./\/\/\/,a
111,abc,D.RobotArms,b
110,abc,A.MaximizetheFormula,a
110,abc,B.1DimensionalWorld'sTale,b
110,abc,C.StringTransformation,c
110,abc,D.Factorization,d
109,abc,A.ABC333,a
109,abc,B.Shiritori,b
109,abc,C.Skip,c
109,abc,D.MakeThemEven,d
108,abc,A.Pair,a
108,abc,B.RuinedSquare,b
108,abc,C.TriangularRelationship,a
108,abc,D.AllYourPathsareDifferentLengths,b
107,abc,A.Train,a
107,abc,B.GridCompression,b
107,abc,C.Candles,a
107,abc,D.MedianofMedians,b
106,abc,A.Garden,a
106,abc,B.105,b
106,abc,C.ToInfinity,c
106,abc,D.AtCoderExpress2,d
105,abc,A.AtCoderCrackers,a
105,abc,B.CakesandDonuts,b
105,abc,C.Base-2Number,c
105,abc,D.CandyDistribution,d
104,abc,A.RatedforMe,a
104,abc,B.AcCepted,b
104,abc,C.AllGreen,c
104,abc,D.WeLoveABC,d
103,abc,A.TaskSchedulingProblem,a
103,abc,B.StringRotation,b
103,abc,C.ModuloSummation,c
103,abc,D.IslandsWar,d
102,abc,A.Multipleof2andN,a
102,abc,B.MaximumDifference,b
102,abc,C.LinearApproximation,a
102,abc,D.EqualCut,b
101,abc,A.EatingSymbolsEasy,a
101,abc,B.DigitSums,b
101,abc,C.Minimization,a
101,abc,D.SnukeNumbers,b
100,abc,A.HappyBirthday!,a
100,abc,B.Ringo'sFavoriteNumbers,b
100,abc,C.*3or/2,c
100,abc,D.PatisserieABC,d
099,abc,A.ABD,a
099,abc,B.StoneMonument,b
099,abc,C.StrangeBank,c
099,abc,D.GoodGrid,d
098,abc,A.AddSubMul,a
098,abc,B.CutandCount,b
098,abc,C.Attention,a
098,abc,D.XorSum2,b
097,abc,A.ColorfulTransceivers,a
097,abc,B.Exponential,b
097,abc,C.K-thSubstring,a
097,abc,D.Equals,b
096,abc,A.DayofTakahashi,a
096,abc,B.MaximumSum,b
096,abc,C.GridRepainting2,c
096,abc,"D.Five,FiveEverywhere",d
095,abc,A.SomethingonIt,a
095,abc,B.BitterAlchemy,b
095,abc,C.HalfandHalf,a
095,abc,D.StaticSushi,b
094,abc,A.CatsandDogs,a
094,abc,B.TollGates,b
094,abc,C.ManyMedians,a
094,abc,D.BinomialCoefficients,b
093,abc,A.abcofABC,a
093,abc,B.SmallandLargeIntegers,b
093,abc,C.SameIntegers,a
093,abc,D.WorstCase,b
092,abc,A.TravelingBudget,a
092,abc,B.Chocolate,b
092,abc,C.TravelingPlan,a
092,abc,D.GridComponents,b
091,abc,A.TwoCoins,a
091,abc,B.TwoColorsCardGame,b
091,abc,C.2DPlane2NPoints,a
091,abc,D.TwoSequences,b
090,abc,A.DiagonalString,a
090,abc,B.PalindromicNumbers,b
090,abc,"C.Flip,Flip,andFlip......",a
090,abc,D.RemainderReminder,b
089,abc,A.Grouping2,a
089,abc,B.HinaArare,b
089,abc,C.March,c
089,abc,D.PracticalSkillTest,d
088,abc,A.InfiniteCoins,a
088,abc,B.CardGameforTwo,b
088,abc,C.Takahashi'sInformation,c
088,abc,D.GridRepainting,d
087,abc,A.BuyingSweets,a
087,abc,B.Coins,b
087,abc,C.Candies,a
087,abc,D.PeopleonaLine,b
086,abc,A.Product,a
086,abc,B.121,b
086,abc,C.Traveling,a
086,abc,D.Checker,b
085,abc,A.Already2018,a
085,abc,B.KagamiMochi,b
085,abc,C.Otoshidama,c
085,abc,D.KatanaThrower,d
084,abc,A.NewYear,a
084,abc,B.PostalCode,b
084,abc,C.SpecialTrains,c
084,abc,D.2017-likeNumber,d
083,abc,A.Libra,a
083,abc,B.SomeSums,b
083,abc,C.MultipleGift,a
083,abc,D.WideFlip,b
082,abc,A.RoundUptheMean,a
082,abc,B.TwoAnagrams,b
082,abc,C.GoodSequence,a
082,abc,D.FTRobot,b
081,abc,A.PlacingMarbles,a
081,abc,B.Shiftonly,b
081,abc,C.NotsoDiverse,a
081,abc,D.Non-decreasing,b
080,abc,A.Parking,a
080,abc,B.HarshadNumber,b
080,abc,C.ShoppingStreet,c
080,abc,D.Recording,d
079,abc,A.GoodInteger,a
079,abc,B.LucasNumber,b
079,abc,C.TrainTicket,c
079,abc,D.Wall,d
078,abc,A.HEX,a
078,abc,B.ISU,b
078,abc,C.HSI,a
078,abc,D.ABS,b
077,abc,A.Rotation,a
077,abc,B.AroundSquare,b
077,abc,C.SnukeFestival,a
077,abc,D.SmallMultiple,b
076,abc,A.RatingGoal,a
076,abc,B.AdditionandMultiplication,b
076,abc,C.DubiousDocument2,c
076,abc,D.AtCoderExpress,d
075,abc,A.OneoutofThree,a
075,abc,B.Minesweeper,b
075,abc,C.Bridge,c
075,abc,D.Axis-ParallelRectangle,d
074,abc,A.BichromeCells,a
074,abc,B.CollectingBalls(EasyVersion),b
074,abc,C.SugarWater,a
074,abc,D.RestoringRoadNetwork,b
073,abc,A.September9,a
073,abc,B.Theater,b
073,abc,C.WriteandErase,c
073,abc,D.joisino'stravel,d
072,abc,A.Sandglass2,a
072,abc,B.OddString,b
072,abc,C.Together,a
072,abc,D.Derangement,b
071,abc,A.MealDelivery,a
071,abc,B.NotFound,b
071,abc,C.MakeaRectangle,a
071,abc,D.ColoringDominoes,b
070,abc,A.PalindromicNumber,a
070,abc,B.TwoSwitches,b
070,abc,C.MultipleClocks,c
070,abc,D.TransitTreePath,d
069,abc,A.K-City,a
069,abc,B.i18n,b
069,abc,C.4-adjacent,a
069,abc,D.GridColoring,b
068,abc,A.ABCxxx,a
068,abc,B.BreakNumber,b
068,abc,C.CatSnukeandaVoyage,a
068,abc,D.Decrease(Contestantver.),b
067,abc,A.SharingCookies,a
067,abc,B.SnakeToy,b
067,abc,C.SplittingPile,a
067,abc,D.FennecVS.Snuke,b
066,abc,A.ringring,a
066,abc,B.ss,b
066,abc,C.pushpush,a
066,abc,D.11,b
065,abc,A.Expired?,a
065,abc,B.Trained?,b
065,abc,C.Reconciled?,a
065,abc,D.Built?,b
064,abc,A.RGBCards,a
064,abc,B.TravelingAtCoDeerProblem,b
064,abc,C.ColorfulLeaderboard,c
064,abc,D.Insertion,d
063,abc,A.Restricted,a
063,abc,B.Varied,b
063,abc,C.Bugged,a
063,abc,D.Widespread,b
062,abc,A.Grouping,a
062,abc,B.PictureFrame,b
062,abc,C.ChocolateBar,a
062,abc,D.3NNumbers,b
061,abc,A.BetweenTwoIntegers,a
061,abc,B.CountingRoads,b
061,abc,C.BigArray,c
061,abc,D.ScoreAttack,d
060,abc,A.Shiritori,a
060,abc,B.ChooseIntegers,b
060,abc,C.Sentou,a
060,abc,D.SimpleKnapsack,b
059,abc,A.Three-letteracronym,a
059,abc,B.Comparison,b
059,abc,C.Sequence,a
059,abc,D.Alice&Brown,b
058,abc,A.ι⊥l,a
058,abc,B.∵∴∵,b
058,abc,C.怪文書/DubiousDocument,a
058,abc,D.井井井/###,b
057,abc,A.RemainingTime,a
057,abc,B.Checkpoints,b
057,abc,C.DigitsinMultiplication,c
057,abc,D.MaximumAverageSets,d
056,abc,A.HonestOrDishonest,a
056,abc,B.NarrowRectanglesEasy,b
056,abc,C.GoHome,a
056,abc,D.NoNeed,b
055,abc,A.Restaurant,a
055,abc,B.TrainingCamp,b
055,abc,C.SccPuzzle,a
055,abc,D.Menagerie,b
054,abc,A.OneCardPoker,a
054,abc,B.TemplateMatching,b
054,abc,C.One-strokePath,c
054,abc,D.MixingExperiment,d
053,abc,A.ABC/ARC,a
053,abc,B.AtoZString,b
053,abc,C.X:YetAnotherDieGame,a
053,abc,D.CardEater,b
052,abc,A.TwoRectangles,a
052,abc,B.IncrementDecrement,b
052,abc,C.FactorsofFactorial,a
052,abc,D.WalkandTeleport,b
051,abc,A.Haiku,a
051,abc,B.SumofThreeIntegers,b
051,abc,C.BackandForth,c
051,abc,D.CandidatesofNoShortestPaths,d
050,abc,A.AdditionandSubtractionEasy,a
050,abc,B.ContestwithDrinksEasy,b
050,abc,C.LiningUp,a
050,abc,D.XorSum,b
049,abc,A.居合を終え、青い絵を覆う/UOIAUAI,a
049,abc,B.たてなが/Thin,b
049,abc,C.白昼夢/Daydream,a
049,abc,D.連結/Connectivity,b
048,abc,A.AtCoder***Contest,a
048,abc,B.Betweenaandb...,b
048,abc,C.BoxesandCandies,a
048,abc,D.AnOrdinaryGame,b
047,abc,A.キャンディーと2人の子供/FightingoverCandies,a
047,abc,B.すぬけ君の塗り絵2イージー/Snuke'sColoring2(ABCEdit),b
047,abc,C.一次元リバーシ/1DReversi,a
047,abc,D.高橋君と見えざる手/AnInvisibleHand,b
046,abc,A.AtCoDeerくんとペンキ/AtCoDeerandPaintCans,a
046,abc,B.AtCoDeerくんとボール色塗り/PaintingBallswithAtCoDeer,b
046,abc,C.AtCoDeerくんと選挙速報/AtCoDeerandElectionReport,a
046,abc,D.AtCoDeerくんと変なじゃんけん/AtCoDeerandRock-Paper,b
045,abc,A.台形/Trapezoids,a
045,abc,B.3人でカードゲームイージー/CardGameforThree(ABCEdit),b
045,abc,C.たくさんの数式/ManyFormulas,a
045,abc,D.すぬけ君の塗り絵/Snuke'sColoring,b
044,abc,A.高橋君とホテルイージー/TakandHotels(ABCEdit),a
044,abc,B.美しい文字列/BeautifulStrings,b
044,abc,C.高橋君とカード/TakandCards,a
044,abc,D.桁和/DigitSum,b
043,abc,A.キャンディーとN人の子供イージー/ChildrenandCandies(ABCEdit),a
043,abc,B.バイナリハックイージー/UnhappyHacking(ABCEdit),b
043,abc,C.いっしょ/BeTogether,a
043,abc,D.アンバランス/Unbalanced,b
042,abc,A.和風いろはちゃんイージー/IrohaandHaiku(ABCEdition),a
042,abc,B.文字列大好きいろはちゃんイージー/IrohaLovesStrings(ABCEdition),b
042,abc,C.こだわり者いろはちゃん/Iroha'sObsession,a
042,abc,D.いろはちゃんとマス目/IrohaandaGrid,b
041,abc,A.添字,a
041,abc,B.直方体,b
041,abc,C.背の順,c
041,abc,D.徒競走,d
040,abc,A.赤赤赤赤青,a
040,abc,B.□□□□□,b
040,abc,C.柱柱柱柱柱,c
040,abc,D.道路の老朽化対策について,d
039,abc,A.高橋直体,a
039,abc,B.エージェント高橋君,b
039,abc,C.ピアニスト高橋君,c
039,abc,D.画像処理高橋君,d
038,abc,A.お茶,a
038,abc,B.ディスプレイ,b
038,abc,C.単調増加,c
038,abc,D.プレゼント,d
037,abc,A.饅頭,a
037,abc,B.編集,b
037,abc,C.総和,c
037,abc,D.経路,d
036,abc,A.お茶,a
036,abc,B.回転,b
036,abc,C.座圧,c
036,abc,D.塗り絵,d
035,abc,A.テレビ,a
035,abc,B.ドローン,b
035,abc,C.オセロ,c
035,abc,D.トレジャーハント,d
034,abc,A.テスト,a
034,abc,B.ペア,b
034,abc,C.経路,c
034,abc,D.食塩水,d
033,abc,A.暗証番号,a
033,abc,B.町の合併,b
033,abc,C.数式の書き換え,c
033,abc,D.三角形の分類,d
032,abc,A.高橋君と青木君の好きな数,a
032,abc,B.高橋君とパスワード,b
032,abc,C.列,c
032,abc,D.ナップサック問題,d
031,abc,A.ゲーム,a
031,abc,B.運動管理,b
031,abc,C.数列ゲーム,c
031,abc,D.語呂合わせ,d
030,abc,A.勝率計算,a
030,abc,B.時計盤,b
030,abc,C.飛行機乗り,c
030,abc,D.へんてこ辞書,d
029,abc,A.複数形,a
029,abc,B.カキ,b
029,abc,C.Brute-forceAttack,c
029,abc,D.1,d
028,abc,A.テスト評価,a
028,abc,B.文字数カウント,b
028,abc,C.数を3つ選ぶマン,c
028,abc,D.乱数生成,d
027,abc,A.長方形,a
027,abc,B.島と橋,b
027,abc,C.倍々ゲーム,c
027,abc,D.ロボット,d
026,abc,A.掛け算の最大値,a
026,abc,B.N重丸,b
026,abc,C.高橋君の給料,c
026,abc,D.高橋君ボール1号,d
025,abc,A.25個の文字列,a
025,abc,B.双子とスイカ割り,b
025,abc,C.双子と○×ゲーム,c
025,abc,D.25個の整数,d
024,abc,A.動物園,a
024,abc,B.自動ドア,b
024,abc,C.民族大移動,c
024,abc,D.動的計画法,d
023,abc,A.加算王,a
023,abc,B.手芸王,b
023,abc,C.収集王,c
023,abc,D.射撃王,d
022,abc,A.BestBody,a
022,abc,B.BumbleBee,b
022,abc,C.BlueBird,c
022,abc,D.BigBang,d
021,abc,A.足し算,a
021,abc,B.嘘つきの高橋くん,b
021,abc,C.正直者の高橋くん,c
021,abc,D.多重ループ,d
020,abc,A.クイズ,a
020,abc,B.足し算,b
020,abc,C.壁抜け,c
020,abc,D.LCMRush,d
019,abc,A.高橋くんと年齢,a
019,abc,B.高橋くんと文字列圧縮,b
019,abc,C.高橋くんと魔法の箱,c
019,abc,D.高橋くんと木の直径,d
018,abc,A.豆まき,a
018,abc,B.文字列の反転,b
018,abc,C.菱型カウント,c
018,abc,D.バレンタインデー,d
017,abc,A.プロコン,a
017,abc,B.choku語,b
017,abc,C.ハイスコア,c
017,abc,D.サプリメント,d
016,abc,A.12月6日,a
016,abc,B.A±BProblem,b
016,abc,C.友達の友達,c
016,abc,D.一刀両断,d
015,abc,A.高橋くんの研修,a
015,abc,B.高橋くんの集計,b
015,abc,C.高橋くんのバグ探し,c
015,abc,D.高橋くんの苦悩,d
014,abc,A.けんしょう先生のお菓子配り,a
014,abc,B.価格の合計,b
014,abc,C.AtColor,c
014,abc,D.閉路,d
013,abc,A.A,a
013,abc,B.錠,b
013,abc,C.節制,c
013,abc,D.阿弥陀,d
012,abc,A.スワップ,a
012,abc,B.入浴時間,b
012,abc,C.九九足し算,c
012,abc,D.バスと避けられない運命,d
011,abc,A.来月は何月？,a
011,abc,B.名前の確認,b
011,abc,C.123引き算,c
011,abc,D.大ジャンプ,d
010,abc,A.ハンドルネーム,a
010,abc,B.花占い,b
010,abc,C.浮気調査,c
010,abc,D.浮気予防,d
009,abc,A.引越し作業,a
009,abc,B.心配性な富豪、ファミリーレストランに行く。,b
009,abc,C.辞書式順序ふたたび,c
009,abc,D.漸化式,d
008,abc,A.アルバム,a
008,abc,B.投票,b
008,abc,C.コイン,c
008,abc,D.金塊ゲーム,d
007,abc,A.植木算,a
007,abc,B.辞書式順序,b
007,abc,C.幅優先探索,c
007,abc,D.禁止された数字,d
006,abc,A.世界のFizzBuzz,a
006,abc,B.トリボナッチ数列,b
006,abc,C.スフィンクスのなぞなぞ,c
006,abc,D.トランプ挿入ソート,d
005,abc,A.おいしいたこ焼きの作り方,a
005,abc,B.おいしいたこ焼きの食べ方,b
005,abc,C.おいしいたこ焼きの売り方,c
005,abc,D.おいしいたこ焼きの焼き方,d
004,abc,A.流行,a
004,abc,B.回転,b
004,abc,C.入れ替え,c
004,abc,D.マーブル,d
003,abc,A.AtCoder社の給料,a
003,abc,B.AtCoderトランプ,b
003,abc,C.AtCoderプログラミング講座,c
003,abc,D.AtCoder社の冬,d
002,abc,A.正直者,a
002,abc,B.罠,b
002,abc,C.直訴,c
002,abc,D.派閥,d
001,abc,A.積雪深差,a
001,abc,B.視程の通報,b
001,abc,C.風力観測,c
001,abc,D.感雨時刻の整理,d
103,arc,C./\/\/\/,a
103,arc,D.RobotArms,b
103,arc,E.Tr/ee,c
103,arc,F.DistanceSums,d
102,arc,C.TriangularRelationship,a
102,arc,D.AllYourPathsareDifferentLengths,b
102,arc,E.Stop.Otherwise...,c
102,arc,F.RevengeofBBuBBBlesort!,d
101,arc,C.Candles,a
101,arc,D.MedianofMedians,b
101,arc,E.RibbonsonTree,c
101,arc,F.RobotsandExits,d
100,arc,C.LinearApproximation,a
100,arc,D.EqualCut,b
100,arc,E.OrPlusMax,c
100,arc,F.ColorfulSequences,d
099,arc,C.Minimization,a
099,arc,D.SnukeNumbers,b
099,arc,E.Independence,c
099,arc,F.EatingSymbolsHard,d
098,arc,C.Attention,a
098,arc,D.XorSum2,b
098,arc,E.RangeMinimumQueries,c
098,arc,F.Donation,d
097,arc,C.K-thSubstring,a
097,arc,D.Equals,b
097,arc,E.SortedandSorted,c
097,arc,F.MonochromeCat,d
096,arc,C.HalfandHalf,a
096,arc,D.StaticSushi,b
096,arc,E.EverythingonIt,c
096,arc,F.SweetAlchemy,d
095,arc,C.ManyMedians,a
095,arc,D.BinomialCoefficients,b
095,arc,E.SymmetricGrid,c
095,arc,F.PermutationTree,d
094,arc,C.SameIntegers,a
094,arc,D.WorstCase,b
094,arc,E.TozanandGezan,c
094,arc,F.Normalization,d
093,arc,C.TravelingPlan,a
093,arc,D.GridComponents,b
093,arc,E.BichromeSpanningTree,c
093,arc,F.DarkHorse,d
092,arc,C.2DPlane2NPoints,a
092,arc,D.TwoSequences,b
092,arc,E.BothSidesMerger,c
092,arc,F.TwoFacedEdges,d
091,arc,"C.Flip,Flip,andFlip......",a
091,arc,D.RemainderReminder,b
091,arc,E.LISDL,c
091,arc,F.StrangeNim,d
090,arc,C.Candies,a
090,arc,D.PeopleonaLine,b
090,arc,E.AvoidingCollision,c
090,arc,F.NumberofDigits,d
089,arc,C.Traveling,a
089,arc,D.Checker,b
089,arc,E.GraphXY,c
089,arc,F.ColoringBalls,d
088,arc,C.MultipleGift,a
088,arc,D.WideFlip,b
088,arc,E.PappleSort,c
088,arc,F.ChristmasTree,d
087,arc,C.GoodSequence,a
087,arc,D.FTRobot,b
087,arc,E.Prefix-freeGame,c
087,arc,F.SquirrelMigration,d
086,arc,C.NotsoDiverse,a
086,arc,D.Non-decreasing,b
086,arc,E.SmugglingMarbles,c
086,arc,F.ShiftandDecrement,d
085,arc,C.HSI,a
085,arc,D.ABS,b
085,arc,E.MUL,c
085,arc,F.NRE,d
084,arc,C.SnukeFestival,a
084,arc,D.SmallMultiple,b
084,arc,E.FiniteEncyclopediaofIntegerSequences,c
084,arc,F.XorShift,d
083,arc,C.SugarWater,a
083,arc,D.RestoringRoadNetwork,b
083,arc,E.BichromeTree,c
083,arc,F.CollectingBalls,d
082,arc,C.Together,a
082,arc,D.Derangement,b
082,arc,E.ConvexScore,c
082,arc,F.Sandglass,d
081,arc,C.MakeaRectangle,a
081,arc,D.ColoringDominoes,b
081,arc,E.Don'tBeaSubsequence,c
081,arc,F.FlipandRectangles,d
080,arc,C.4-adjacent,a
080,arc,D.GridColoring,b
080,arc,E.YoungMaids,c
080,arc,F.PrimeFlip,d
079,arc,C.CatSnukeandaVoyage,a
079,arc,D.Decrease(Contestantver.),b
079,arc,E.Decrease(Judgever.),c
079,arc,F.NamoriGrundy,d
078,arc,C.SplittingPile,a
078,arc,D.FennecVS.Snuke,b
078,arc,E.AwkwardResponse,c
078,arc,F.MoleandAbandonedMine,d
077,arc,C.pushpush,a
077,arc,D.11,b
077,arc,E.guruguru,c
077,arc,F.SS,d
076,arc,C.Reconciled?,a
076,arc,D.Built?,b
076,arc,E.Connected?,c
076,arc,F.Exhausted?,d
075,arc,C.Bugged,a
075,arc,D.Widespread,b
075,arc,E.MeaningfulMean,c
075,arc,F.Mirrored,d
074,arc,C.ChocolateBar,a
074,arc,D.3NNumbers,b
074,arc,E.RGBSequence,c
074,arc,F.LotusLeaves,d
073,arc,C.Sentou,a
073,arc,D.SimpleKnapsack,b
073,arc,E.BallColoring,c
073,arc,F.ManyMoves,d
072,arc,C.Sequence,a
072,arc,D.Alice&Brown,b
072,arc,E.Aliceinlinearland,c
072,arc,F.Dam,d
071,arc,C.怪文書/DubiousDocument,a
071,arc,D.井井井/###,b
071,arc,E.TrBBnsformBBtion,c
071,arc,F.InfiniteSequence,d
070,arc,C.GoHome,a
070,arc,D.NoNeed,b
070,arc,E.NarrowRectangles,c
070,arc,F.HonestOrUnkind,d
069,arc,C.SccPuzzle,a
069,arc,D.Menagerie,b
069,arc,E.Frequency,c
069,arc,F.Flags,d
068,arc,C.X:YetAnotherDieGame,a
068,arc,D.CardEater,b
068,arc,E.SnukeLine,c
068,arc,F.Solitaire,d
067,arc,C.FactorsofFactorial,a
067,arc,D.WalkandTeleport,b
067,arc,E.Grouping,c
067,arc,F.YakinikuRestaurants,d
066,arc,C.LiningUp,a
066,arc,D.XorSum,b
066,arc,E.AdditionandSubtractionHard,c
066,arc,F.ContestwithDrinksHard,d
065,arc,C.白昼夢/Daydream,a
065,arc,D.連結/Connectivity,b
065,arc,E.へんなコンパス/ManhattanCompass,c
065,arc,F.シャッフル/Shuffling,d
064,arc,C.BoxesandCandies,a
064,arc,D.AnOrdinaryGame,b
064,arc,E.CosmicRays,c
064,arc,F.RotatedPalindromes,d
063,arc,C.一次元リバーシ/1DReversi,a
063,arc,D.高橋君と見えざる手/AnInvisibleHand,b
063,arc,E.木と整数/IntegersonaTree,c
063,arc,F.すぬけ君の塗り絵2/Snuke'sColoring2,d
062,arc,C.AtCoDeerくんと選挙速報/AtCoDeerandElectionReport,a
062,arc,D.AtCoDeerくんと変なじゃんけん/AtCoDeerandRock-Paper,b
062,arc,E.AtCoDeerくんと立方体づくり/BuildingCubeswithAtCoDeer,c
062,arc,F.AtCoDeerくんとグラフ色塗り/PaintingGraphswithAtCoDeer,d
061,arc,C.たくさんの数式/ManyFormulas,a
061,arc,D.すぬけ君の塗り絵/Snuke'sColoring,b
061,arc,E.すぬけ君の地下鉄旅行/Snuke'sSubwayTrip,c
061,arc,F.3人でカードゲーム/CardGameforThree,d
060,arc,C.高橋君とカード/TakandCards,a
060,arc,D.桁和/DigitSum,b
060,arc,E.高橋君とホテル/TakandHotels,c
060,arc,F.最良表現/BestRepresentation,d
059,arc,C.いっしょ/BeTogether,a
059,arc,D.アンバランス/Unbalanced,b
059,arc,E.キャンディーとN人の子供/ChildrenandCandies,c
059,arc,F.バイナリハック/UnhappyHacking,d
058,arc,C.こだわり者いろはちゃん/Iroha'sObsession,a
058,arc,D.いろはちゃんとマス目/IrohaandaGrid,b
058,arc,E.和風いろはちゃん/IrohaandHaiku,c
058,arc,F.文字列大好きいろはちゃん/IrohaLovesStrings,d
057,arc,A.2兆円,a
057,arc,B.高橋君ゲーム,b
057,arc,C.2乗根,c
057,arc,D.全域木,d
056,arc,A.みんなでワイワイみかん,a
056,arc,B.駐車場,b
056,arc,C.部門分け,c
056,arc,D.サケノミ,d
055,arc,A.数え上げ,a
055,arc,B.せんべい,b
055,arc,C.ABCAC,c
055,arc,D.隠された等差数列,d
054,arc,A.動く歩道,a
054,arc,B.ムーアの法則,b
054,arc,C.鯛焼き,c
054,arc,D.バブルソート,d
053,arc,A.ドミノ色塗り,a
053,arc,B.回文分割,b
053,arc,C.魔法使い高橋君,c
053,arc,D.2つの山札,d
052,arc,A.何期生？,a
052,arc,B.円錐,b
052,arc,C.高橋くんと不思議な道,c
052,arc,D.9,d
051,arc,A.塗り絵,a
051,arc,B.互除法,b
051,arc,C.掛け算,c
051,arc,D.長方形,d
050,arc,A.大文字と小文字,a
050,arc,B.花束,b
050,arc,C.LCM111,c
050,arc,D.SuffixConcat,d
049,arc,"A.""強調""",a
049,arc,B.高橋ノルム君,b
049,arc,C.ぬりまーす,c
049,arc,D.すわっぷしまーす,d
048,arc,A.階段の下,a
048,arc,B.AtCoderでじゃんけんを,b
048,arc,C.足の多い高橋君,c
048,arc,D.たこ焼き屋とQ人の高橋君,d
047,arc,A.タブの開きすぎ,a
047,arc,B.同一円周上,b
047,arc,C.N!÷K番目の単語,c
047,arc,D.ナナメクエリ,d
046,arc,A.ゾロ目数,a
046,arc,B.石取り大作戦,b
046,arc,C.合コン大作戦,c
046,arc,D.うさぎとマス目,d
045,arc,A.スペース高橋君,a
045,arc,B.ドキドキデート大作戦高橋君,b
045,arc,C.エックスオア多橋君,c
045,arc,D.みんな仲良し高橋君,d
044,arc,A.素数判定,a
044,arc,B.最短路問題,b
044,arc,C.ビーム,c
044,arc,D.suffixarray,d
043,arc,A.点数変換,a
043,arc,B.難易度,b
043,arc,C.転倒距離,c
043,arc,D.引っ越し,d
042,arc,A.掲示板,a
042,arc,B.アリの高橋くん,b
042,arc,C.おやつ,c
042,arc,D.あまり,d
041,arc,A.コインの反転,a
041,arc,B.アメーバ,b
041,arc,C.ウサギ跳び,c
041,arc,D.辺彩色,d
040,arc,A.床塗り,a
040,arc,B.直線塗り,b
040,arc,C.Z塗り,c
040,arc,D.カクカク塗り,d
039,arc,A.A-Bproblem,a
039,arc,B.高橋幼稚園,b
039,arc,C.幼稚園児高橋君,c
039,arc,D.旅行会社高橋君,d
038,arc,A.カードと兄妹,a
038,arc,B.マス目と駒,b
038,arc,C.茶碗と豆,c
038,arc,D.有向グラフと数,d
037,arc,A.全優,a
037,arc,B.バウムテスト,b
037,arc,C.億マス計算,c
037,arc,D.ChaoticPolygons,d
036,arc,A.ぐっすり,a
036,arc,B.山のデータ,b
036,arc,C.偶然ジェネレータ,c
036,arc,D.偶数メートル,d
035,arc,A.高橋くんと回文,a
035,arc,B.アットコーダー王国のコンテスト事情,b
035,arc,C.アットコーダー王国の交通事情,c
035,arc,D.高橋くんとマラソンコース,d
034,arc,A.首席,a
034,arc,B.方程式,b
034,arc,C.約数かつ倍数,c
034,arc,D.インフレゲーム,d
033,arc,A.隠れた言葉,a
033,arc,B.メタ構文変数,b
033,arc,C.データ構造,c
033,arc,D.見たことのない多項式,d
032,arc,A.ホリドッグ,a
032,arc,B.道路工事,b
032,arc,C.仕事計画,c
032,arc,D.アットコーダーモンスターズ,d
031,arc,A.名前,a
031,arc,B.埋め立て,b
031,arc,C.積み木,c
031,arc,D.買い物上手,d
030,arc,A.閉路グラフ,a
030,arc,B.ツリーグラフ,b
030,arc,C.有向グラフ,c
030,arc,D.グラフではない,d
029,arc,A.高橋君とお肉,a
029,arc,B.高橋君と禁断の書,b
029,arc,C.高橋君と国家,c
029,arc,D.高橋君と木のおもちゃ,d
028,arc,A.小石を取るゲーム,a
028,arc,B.特別賞,b
028,arc,C.高橋王国の分割統治,c
028,arc,D.注文の多い高橋商店,d
027,arc,A.門限,a
027,arc,B.大事な数なのでZ回書きまLた。,b
027,arc,C.最高のトッピングにしような,c
027,arc,D.ぴょんぴょんトレーニング,d
026,arc,A.ダイナミックなポーズ,a
026,arc,B.完全数,b
026,arc,C.蛍光灯,c
026,arc,D.道を直すお仕事,d
025,arc,A.ゴールドラッシュ,a
025,arc,B.チョコレート,b
025,arc,C.ウサギとカメ,c
025,arc,D.コンセント,d
024,arc,A.くつがくっつく,a
024,arc,B.赤と黒の木,b
024,arc,C.だれじゃ,c
024,arc,D.バス停,d
023,arc,A.経過日数,a
023,arc,B.謎の人物X,b
023,arc,C.タコヤ木,c
023,arc,D.GCD区間,d
022,arc,A.スーパーICT高校生,a
022,arc,B.細長いお菓子,b
022,arc,C.ロミオとジュリエット,c
022,arc,D.スプリンクラー,d
021,arc,A.DEADEND,a
021,arc,B.YourNumbersareXORed...,b
021,arc,C.増築王高橋君,c
021,arc,D.だいたい最小全域木,d
020,arc,A.石を滑らせるゲーム,a
020,arc,B.縞模様,b
020,arc,C.AmodBProblem,c
020,arc,D.お菓子の国の旅行,d
019,arc,A.お買い物クライシス,a
019,arc,B.こだわりの名前,b
019,arc,C.最後の森,c
019,arc,D.ほんとうのたたかい,d
018,arc,A.BMI,a
018,arc,B.格子点と整数,b
018,arc,C.席替え,c
018,arc,D.僕は友達が少ない,d
017,arc,A.素数、コンテスト、素数,a
017,arc,B.解像度が低い。,b
017,arc,C.無駄なものが嫌いな人,c
017,arc,D.ARCたんクッキー,d
016,arc,A.クイズゲーム,a
016,arc,B.音楽ゲーム,b
016,arc,C.ソーシャルゲーム,c
016,arc,D.軍艦ゲーム,d
015,arc,A.CelsiusとFahrenheit,a
015,arc,B.真冬日？真夏日？,b
015,arc,C.変わった単位,c
015,arc,D.きんいろクッキー,d
014,arc,A.君が望むなら世界中全てのたこ焼きを赤と青に染め上げよう,a
014,arc,B.あの日したしりとりの結果を僕達はまだ知らない。,b
014,arc,C.魂の還る場所,c
014,arc,D.grepマスター,d
013,arc,A.梱包できるかな？,a
013,arc,B.引越しできるかな？,b
013,arc,C.笑いをとれるかな？,c
013,arc,D.切り分けできるかな？,d
012,arc,A.週末,a
012,arc,B.アキレスと亀,b
012,arc,C.五目並べチェッカー,c
012,arc,D.Don'tworry.BeTogether,d
011,arc,A.鉛筆リサイクルの新技術,a
011,arc,B.ルイス・キャロルの記憶術,b
011,arc,C.ダブレット,c
011,arc,D.きつねさんからの挑戦状,d
010,arc,A.名刺交換,a
010,arc,B.超大型連休,b
010,arc,C.積み上げパズル,c
010,arc,D.情報伝播,d
009,arc,A.元気にお使い！高橋君,a
009,arc,B.おとぎの国の高橋君,b
009,arc,C.高橋君、24歳,c
009,arc,D.覚醒ノ高橋君,d
008,arc,A.たこ焼き買えるかな？,a
008,arc,B.謎のたこ焼きおじさん,b
008,arc,C.THE☆たこ焼き祭り2012,c
008,arc,D.タコヤキオイシクナール,d
007,arc,A.帰ってきた器物損壊！高橋君,a
007,arc,B.迷子のCDケース,b
007,arc,C.節約生活,c
007,arc,D.破れた宿題,d
006,arc,A.宝くじ,a
006,arc,B.あみだくじ,b
006,arc,C.積み重ね,c
006,arc,D.アルファベット探し,d
005,arc,A.大好き高橋君,a
005,arc,B.P-CASカードと高橋君,b
005,arc,C.器物損壊！高橋君,c
005,arc,D.連射王高橋君,d
004,arc,A.2点間距離の最大値(Thelongestdistance),a
004,arc,B.2点間距離の最大と最小(MaximumandMinimum),b
004,arc,C.平均値太郎の憂鬱(ThemelancholyofTaroHeikinchi),c
004,arc,D.表現の自由(Freedomofexpression),d
003,arc,A.GPA計算,a
003,arc,B.さかさま辞書,b
003,arc,C.暗闇帰り道,c
003,arc,D.シャッフル席替え,d
002,arc,A.うるう年,a
002,arc,B.割り切れる日付,b
002,arc,C.コマンド入力,c
002,arc,D.ボードゲーム,d
001,arc,A.センター採点,a
001,arc,B.リモコン,b
001,arc,C.パズルのお手伝い,c
001,arc,D.レースゲーム,d
041,agc,A.TableTennisTraining,a
041,agc,B.VotingJudges,b
041,agc,C.DominoQuality,c
041,agc,D.ProblemScores,d
041,agc,E.BalancingNetwork,e
041,agc,F.HistogramRooks,f
040,agc,A.><,a
040,agc,B.TwoContests,b
040,agc,C.NeitherABnorBA,c
040,agc,D.BalanceBeam,d
040,agc,E.PrefixSuffixAddition,e
040,agc,F.TwoPieces,f
039,agc,A.ConnectionandDisconnection,a
039,agc,B.GraphPartition,b
039,agc,C.DivisionbyTwowithSomething,c
039,agc,D.Incenters,d
039,agc,E.PairingPoints,e
039,agc,F.MinProductSum,f
038,agc,A.01Matrix,a
038,agc,B.SortingaSegment,b
038,agc,C.LCMs,c
038,agc,D.UniquePath,d
038,agc,E.Gachapon,e
038,agc,F.TwoPermutations,f
037,agc,A.DividingaString,a
037,agc,B.RGBBalls,b
037,agc,C.NumbersonaCircle,c
037,agc,D.SortingaGrid,d
037,agc,E.ReversingandConcatenating,e
037,agc,F.CountingofSubarrays,f
036,agc,A.Triangle,a
036,agc,B.DoNotDuplicate,b
036,agc,C.GP2,c
036,agc,D.NegativeCycle,d
036,agc,E.ABCString,e
036,agc,F.SquareConstraints,f
035,agc,A.XORCircle,a
035,agc,B.EvenDegrees,b
035,agc,C.SkolemXORTree,c
035,agc,D.AddandRemove,d
035,agc,E.Develop,e
035,agc,F.TwoHistograms,f
034,agc,A.KenkenRace,a
034,agc,B.ABC,b
034,agc,C.Tests,c
034,agc,D.ManhattanMaxMatching,d
034,agc,E.CompleteCompress,e
034,agc,F.RNGandXOR,f
033,agc,A.DarkerandDarker,a
033,agc,B.LRUDGame,b
033,agc,C.RemovingCoins,c
033,agc,D.Complexity,d
033,agc,E.GoaroundaCircle,e
033,agc,F.AddingEdges,f
032,agc,A.LimitedInsertion,a
032,agc,B.BalancedNeighbors,b
032,agc,C.ThreeCircuits,c
032,agc,D.RotationSort,d
032,agc,E.ModuloPairing,e
032,agc,F.OneThird,f
031,agc,A.ColorfulSubsequence,a
031,agc,B.Reversi,b
031,agc,C.Differby1Bit,c
031,agc,D.ASequenceofPermutations,d
031,agc,E.SnukethePhantomThief,e
031,agc,F.WalkonGraph,f
030,agc,A.PoisonousCookies,a
030,agc,B.TreeBurning,b
030,agc,C.ColoringTorus,c
030,agc,D.InversionSum,d
030,agc,E.Lessthan3,e
030,agc,F.PermutationandMinimum,f
029,agc,A.Irreversibleoperation,a
029,agc,B.Powersoftwo,b
029,agc,C.Lexicographicconstraints,c
029,agc,D.Gridgame,d
029,agc,E.WanderingTKHS,e
029,agc,F.Constructionofatree,f
028,agc,A.TwoAbbreviations,a
028,agc,B.RemovingBlocks,b
028,agc,C.MinCostCycle,c
028,agc,D.Chords,d
028,agc,E.HighElements,e
028,agc,F.ReachableCells,f
028,agc,F2.ReachableCells,f
027,agc,A.CandyDistributionAgain,a
027,agc,B.GarbageCollector,b
027,agc,C.ABlandYard,c
027,agc,D.ModuloMatrix,d
027,agc,E.ABBreviate,e
027,agc,F.Grafting,f
026,agc,A.ColorfulSlimes2,a
026,agc,B.rng_10s,b
026,agc,C.StringColoring,c
026,agc,D.HistogramColoring,d
026,agc,E.SynchronizedSubsequence,e
026,agc,F.ManjuGame,f
025,agc,A.DigitsSum,a
025,agc,B.RGBColoring,b
025,agc,C.IntervalGame,c
025,agc,D.ChoosingPoints,d
025,agc,E.WalkingonaTree,e
025,agc,F.AdditionandAndition,f
024,agc,A.Fairness,a
024,agc,B.Backfront,b
024,agc,C.SequenceGrowingEasy,c
024,agc,D.IsomorphismFreak,d
024,agc,E.SequenceGrowingHard,e
024,agc,F.SimpleSubsequenceProblem,f
023,agc,A.Zero-SumRanges,a
023,agc,B.FindSymmetries,b
023,agc,C.PaintingMachines,c
023,agc,D.GoHome,d
023,agc,E.Inversions,e
023,agc,F.01onTree,f
022,agc,A.DiverseWord,a
022,agc,B.GCDSequence,b
022,agc,C.RemainderGame,c
022,agc,D.Shopping,d
022,agc,E.MedianReplace,e
022,agc,F.Checkers,f
021,agc,A.DigitSum2,a
021,agc,B.Holes,b
021,agc,C.Tiling,c
021,agc,D.ReversedLCS,d
021,agc,E.BallEatChameleons,e
021,agc,F.Trinity,f
020,agc,A.MoveandWin,a
020,agc,B.IceRinkGame,b
020,agc,C.MedianSum,c
020,agc,D.MinMaxRepetition,d
020,agc,E.EncodingSubsets,e
020,agc,F.ArcsonaCircle,f
019,agc,A.IceTeaStore,a
019,agc,B.ReverseandCompare,b
019,agc,C.FountainWalk,c
019,agc,D.ShiftandFlip,d
019,agc,E.ShuffleandSwap,e
019,agc,F.YesorNo,f
018,agc,A.GettingDifference,a
018,agc,B.SportsFestival,b
018,agc,C.Coins,c
018,agc,D.TreeandHamiltonPath,d
018,agc,E.SightseeingPlan,e
018,agc,F.TwoTrees,f
017,agc,A.Biscuits,a
017,agc,B.ModerateDifferences,b
017,agc,C.SnukeandSpells,c
017,agc,D.GameonTree,d
017,agc,E.Jigsaw,e
017,agc,F.Zigzag,f
016,agc,A.Shrinking,a
016,agc,B.ColorfulHats,b
016,agc,C.+/-Rectangle,c
016,agc,D.XORReplace,d
016,agc,E.PoorTurkeys,e
016,agc,F.GamesonDAG,f
015,agc,A.A+...+BProblem,a
015,agc,B.Evilator,b
015,agc,C.NuskevsPhantomThnook,c
015,agc,D.Aor...orBProblem,d
015,agc,E.Mr.AokiIncubator,e
015,agc,F.KenustheAncientGreek,f
014,agc,A.CookieExchanges,a
014,agc,B.UnplannedQueries,b
014,agc,C.ClosedRooms,c
014,agc,D.BlackandWhiteTree,d
014,agc,E.BlueandRedTree,e
014,agc,F.StrangeSorting,f
013,agc,A.SortedArrays,a
013,agc,B.HamiltonishPath,b
013,agc,C.AntsonaCircle,c
013,agc,D.PilingUp,d
013,agc,E.PlacingSquares,e
013,agc,F.TwoFacedCards,f
012,agc,A.AtCoderGroupContest,a
012,agc,B.SplatterPainting,b
012,agc,C.TautonymPuzzle,c
012,agc,D.ColorfulBalls,d
012,agc,E.CamelandOases,e
012,agc,F.PrefixMedian,f
011,agc,A.AirportBus,a
011,agc,B.ColorfulCreatures,b
011,agc,C.SquaredGraph,c
011,agc,D.HalfReflector,d
011,agc,E.IncreasingNumbers,e
011,agc,F.TrainServicePlanning,f
010,agc,A.Addition,a
010,agc,B.Boxes,b
010,agc,C.Cleaning,c
010,agc,D.Decrementing,d
010,agc,E.Rearranging,e
010,agc,F.TreeGame,f
009,agc,A.MultipleArray,a
009,agc,B.Tournament,b
009,agc,C.DivisionintoTwo,c
009,agc,D.Uninity,d
009,agc,E.EternalAverage,e
008,agc,A.SimpleCalculator,a
008,agc,B.ContiguousRepainting,b
008,agc,C.TetrominoTiling,c
008,agc,D.K-thK,d
008,agc,E.NextorNextnext,e
008,agc,F.BlackRadius,f
007,agc,A.ShikandStone,a
007,agc,B.ConstructSequences,b
007,agc,C.PushingBalls,c
007,agc,D.ShikandGame,d
007,agc,E.ShikandTravel,e
007,agc,F.ShikandCopyingString,f
006,agc,A.PrefixandSuffix,a
006,agc,B.MedianPyramidEasy,b
006,agc,C.RabbitExercise,c
006,agc,D.MedianPyramidHard,d
006,agc,E.Rotate3x3,e
006,agc,F.Blackout,f
005,agc,A.STring,a
005,agc,B.MinimumSum,b
005,agc,C.TreeRestoring,c
005,agc,D.~KPermCounting,d
005,agc,E.Sugigma:TheShowdown,e
005,agc,F.ManyEasyProblems,f
004,agc,A.DivideaCuboid,a
004,agc,B.ColorfulSlimes,b
004,agc,C.ANDGrid,c
004,agc,D.Teleporter,d
004,agc,E.SalvageRobots,e
004,agc,F.Namori,f
003,agc,A.Wannagobackhome,a
003,agc,B.Simplifiedmahjong,b
003,agc,C.BBuBBBlesort!,c
003,agc,D.Anticube,d
003,agc,E.SequentialoperationsonSequence,e
003,agc,F.FractionofFractal,f
002,agc,A.RangeProduct,a
002,agc,B.BoxandBall,b
002,agc,C.KnotPuzzle,c
002,agc,D.StampRally,d
002,agc,E.CandyPiles,e
002,agc,F.LeftmostBall,f
001,agc,A.BBQEasy,a
001,agc,B.MysteriousLight,b
001,agc,C.ShortenDiameter,c
001,agc,D.ArraysandPalindrome,d
001,agc,E.BBQHard,e
001,agc,F.WideSwap,f
