156,abc,A.Beginner,a,abc156_a
156,abc,B.Digits,b,abc156_b
156,abc,C.Rally,c,abc156_c
156,abc,D.Bouquet,d,abc156_d
156,abc,E.Roaming,e,abc156_e
156,abc,F.Modularness,f,abc156_f
155,abc,A.Poor,a,abc155_a
155,abc,B.Papers,Please,b,abc155_b
155,abc,C.Poll,c,abc155_c
155,abc,D.Pairs,d,abc155_d
155,abc,E.Payment,e,abc155_e
155,abc,F.PerilsinParallel,f,abc155_f
154,abc,A.RemainingBalls,a,abc154_a
154,abc,B.Imissyou...,b,abc154_b
154,abc,C.DistinctorNot,c,abc154_c
154,abc,D.DiceinLine,d,abc154_d
154,abc,E.AlmostEverywhereZero,e,abc154_e
154,abc,F.ManyManyPaths,f,abc154_f
153,abc,A.ServalvsMonster,a,abc153_a
153,abc,B.CommonRaccoonvsMonster,b,abc153_b
153,abc,C.FennecvsMonster,c,abc153_c
153,abc,D.CaracalvsMonster,d,abc153_d
153,abc,E.CrestedIbisvsMonster,e,abc153_e
153,abc,F.SilverFoxvsMonster,f,abc153_f
152,abc,A.ACorWA,a,abc152_a
152,abc,B.ComparingStrings,b,abc152_b
152,abc,C.LowElements,c,abc152_c
152,abc,D.Handstand2,d,abc152_d
152,abc,E.Flatten,e,abc152_e
152,abc,F.TreeandConstraints,f,abc152_f
151,abc,A.NextAlphabet,a,abc151_a
151,abc,B.AchievetheGoal,b,abc151_b
151,abc,C.WelcometoAtCoder,c,abc151_c
151,abc,D.MazeMaster,d,abc151_d
151,abc,E.Max-MinSums,e,abc151_e
151,abc,F.EncloseAll,f,abc151_f
150,abc,A.500YenCoins,a,abc150_a
150,abc,B.CountABC,b,abc150_b
150,abc,C.CountOrder,c,abc150_c
150,abc,D.SemiCommonMultiple,d,abc150_d
150,abc,E.ChangeaLittleBit,e,abc150_e
150,abc,F.XorShift,f,abc150_f
149,abc,A.Strings,a,abc149_a
149,abc,B.GreedyTakahashi,b,abc149_b
149,abc,C.NextPrime,c,abc149_c
149,abc,D.PredictionandRestriction,d,abc149_d
149,abc,E.Handshake,e,abc149_e
149,abc,F.SurroundedNodes,f,abc149_f
148,abc,A.RoundOne,a,abc148_a
148,abc,B.StringswiththeSameLength,b,abc148_b
148,abc,C.Snack,c,abc148_c
148,abc,D.BrickBreak,d,abc148_d
148,abc,E.DoubleFactorial,e,abc148_e
148,abc,F.PlayingTagonTree,f,abc148_f
147,abc,A.Blackjack,a,abc147_a
147,abc,B.Palindrome-philia,b,abc147_b
147,abc,C.HonestOrUnkind2,c,abc147_c
147,abc,D.XorSum4,d,abc147_d
147,abc,E.BalancedPath,e,abc147_e
147,abc,F.SumDifference,f,abc147_f
146,abc,A.Can'tWaitforHoliday,a,abc146_a
146,abc,B.ROTN,b,abc146_b
146,abc,C.BuyanInteger,c,abc146_c
146,abc,D.ColoringEdgesonTree,d,abc146_d
146,abc,E.RemofSumisNum,e,abc146_e
146,abc,F.Sugoroku,f,abc146_f
145,abc,A.Circle,a,abc145_a
145,abc,B.Echo,b,abc145_b
145,abc,C.AverageLength,c,abc145_c
145,abc,D.Knight,d,abc145_d
145,abc,E.All-you-can-eat,e,abc145_e
145,abc,F.Laminate,f,abc145_f
144,abc,A.9x9,a,abc144_a
144,abc,B.81,b,abc144_b
144,abc,C.WalkonMultiplicationTable,c,abc144_c
144,abc,D.WaterBottle,d,abc144_d
144,abc,E.Gluttony,e,abc144_e
144,abc,F.ForkintheRoad,f,abc144_f
143,abc,A.Curtain,a,abc143_a
143,abc,B.TAKOYAKIFESTIVAL2019,b,abc143_b
143,abc,C.Slimes,c,abc143_c
143,abc,D.Triangles,d,abc143_d
143,abc,E.TravelbyCar,e,abc143_e
143,abc,F.DistinctNumbers,f,abc143_f
142,abc,A.OddsofOddness,a,abc142_a
142,abc,B.RollerCoaster,b,abc142_b
142,abc,C.GotoSchool,c,abc142_c
142,abc,D.DisjointSetofCommonDivisors,d,abc142_d
142,abc,E.GetEverything,e,abc142_e
142,abc,F.Pure,f,abc142_f
141,abc,A.WeatherPrediction,a,abc141_a
141,abc,B.TapDance,b,abc141_b
141,abc,C.AttackSurvival,c,abc141_c
141,abc,D.PowerfulDiscountTickets,d,abc141_d
141,abc,E.WhoSaysaPun?,e,abc141_e
141,abc,F.XorSum3,f,abc141_f
140,abc,A.Password,a,abc140_a
140,abc,B.Buffet,b,abc140_b
140,abc,C.MaximalValue,c,abc140_c
140,abc,D.FaceProducesUnhappiness,d,abc140_d
140,abc,E.SecondSum,e,abc140_e
140,abc,F.ManySlimes,f,abc140_f
139,abc,A.Tenki,a,abc139_a
139,abc,B.PowerSocket,b,abc139_b
139,abc,C.Lower,c,abc139_c
139,abc,D.ModSum,d,abc139_d
139,abc,E.League,e,abc139_e
139,abc,F.Engines,f,abc139_f
138,abc,A.RedorNot,a,abc138_a
138,abc,B.ResistorsinParallel,b,abc138_b
138,abc,C.Alchemist,c,abc138_c
138,abc,D.Ki,d,abc138_d
138,abc,E.StringsofImpurity,e,abc138_e
138,abc,F.Coincidence,f,abc138_f
137,abc,A.+-x,a,abc137_a
137,abc,B.OneClue,b,abc137_b
137,abc,C.GreenBin,c,abc137_c
137,abc,D.SummerVacation,d,abc137_d
137,abc,E.CoinsRespawn,e,abc137_e
137,abc,F.PolynomialConstruction,f,abc137_f
136,abc,A.Transfer,a,abc136_a
136,abc,B.UnevenNumbers,b,abc136_b
136,abc,C.BuildStairs,c,abc136_c
136,abc,D.GatheringChildren,d,abc136_d
136,abc,E.MaxGCD,e,abc136_e
136,abc,F.EnclosedPoints,f,abc136_f
135,abc,A.Harmony,a,abc135_a
135,abc,B.0or1Swap,b,abc135_b
135,abc,C.CitySavers,c,abc135_c
135,abc,D.DigitsParade,d,abc135_d
135,abc,E.Golf,e,abc135_e
135,abc,F.StringsofEternity,f,abc135_f
134,abc,A.Dodecagon,a,abc134_a
134,abc,B.GoldenApple,b,abc134_b
134,abc,C.ExceptionHandling,c,abc134_c
134,abc,D.PreparingBoxes,d,abc134_d
134,abc,E.SequenceDecomposing,e,abc134_e
134,abc,F.PermutationOddness,f,abc134_f
133,abc,A.TorT,a,abc133_a
133,abc,B.GoodDistance,b,abc133_b
133,abc,C.RemainderMinimization2019,c,abc133_c
133,abc,D.RainFlowsintoDams,d,abc133_d
133,abc,E.VirusTree2,e,abc133_e
133,abc,F.ColorfulTree,f,abc133_f
132,abc,A.Fifty-Fifty,a,abc132_a
132,abc,B.OrdinaryNumber,b,abc132_b
132,abc,C.DividetheProblems,c,abc132_c
132,abc,D.BlueandRedBalls,d,abc132_d
132,abc,E.HopscotchAddict,e,abc132_e
132,abc,F.SmallProducts,f,abc132_f
131,abc,A.Security,a,abc131_a
131,abc,B.BiteEating,b,abc131_b
131,abc,C.Anti-Division,c,abc131_c
131,abc,D.Megalomania,d,abc131_d
131,abc,E.Friendships,e,abc131_e
131,abc,F.MustBeRectangular!,f,abc131_f
130,abc,A.Rounding,a,abc130_a
130,abc,B.Bounding,b,abc130_b
130,abc,C.RectangleCutting,c,abc130_c
130,abc,D.EnoughArray,d,abc130_d
130,abc,E.CommonSubsequence,e,abc130_e
130,abc,F.MinimumBoundingBox,f,abc130_f
129,abc,A.Airplane,a,abc129_a
129,abc,B.Balance,b,abc129_b
129,abc,C.TypicalStairs,c,abc129_c
129,abc,D.Lamp,d,abc129_d
129,abc,E.SumEqualsXor,e,abc129_e
129,abc,F.Takahashi'sBasicsinEducationandLearning,f,abc129_f
128,abc,A.ApplePie,a,abc128_a
128,abc,B.Guidebook,b,abc128_b
128,abc,C.Switches,c,abc128_c
128,abc,D.equeue,d,abc128_d
128,abc,E.Roadwork,e,abc128_e
128,abc,F.FrogJump,f,abc128_f
127,abc,A.FerrisWheel,a,abc127_a
127,abc,B.Algae,b,abc127_b
127,abc,C.Prison,c,abc127_c
127,abc,D.IntegerCards,d,abc127_d
127,abc,E.CellDistance,e,abc127_e
127,abc,F.AbsoluteMinima,f,abc127_f
126,abc,A.ChangingaCharacter,a,abc126_a
126,abc,B.YYMMorMMYY,b,abc126_b
126,abc,C.DiceandCoin,c,abc126_c
126,abc,D.EvenRelation,d,abc126_d
126,abc,E.1or2,e,abc126_e
126,abc,F.XORMatching,f,abc126_f
125,abc,A.BiscuitGenerator,a,abc125_a
125,abc,B.Resale,b,abc125_b
125,abc,C.GCDonBlackboard,c,abc125_c
125,abc,D.FlippingSigns,d,abc125_d
124,abc,A.Buttons,a,abc124_a
124,abc,B.GreatOceanView,b,abc124_b
124,abc,C.ColoringColorfully,c,abc124_c
124,abc,D.Handstand,d,abc124_d
123,abc,A.FiveAntennas,a,abc123_a
123,abc,B.FiveDishes,b,abc123_b
123,abc,C.FiveTransportations,c,abc123_c
123,abc,D.Cake123,d,abc123_d
122,abc,A.DoubleHelix,a,abc122_a
122,abc,B.ATCoder,b,abc122_b
122,abc,C.GeTAC,c,abc122_c
122,abc,D.WeLikeAGC,d,abc122_d
121,abc,A.WhiteCells,a,abc121_a
121,abc,B.Canyousolvethis?,b,abc121_b
121,abc,C.EnergyDrinkCollector,c,abc121_c
121,abc,D.XORWorld,d,abc121_d
120,abc,A.FavoriteSound,a,abc120_a
120,abc,B.K-thCommonDivisor,b,abc120_b
120,abc,C.Unification,c,abc120_c
120,abc,D.DecayedBridges,d,abc120_d
119,abc,A.StillTBD,a,abc119_a
119,abc,B.DigitalGifts,b,abc119_b
119,abc,C.SyntheticKadomatsu,c,abc119_c
119,abc,D.LazyFaith,d,abc119_d
118,abc,A.B+/-A,a,abc118_a
118,abc,B.FoodsLovedbyEveryone,b,abc118_b
118,abc,C.MonstersBattleRoyale,c,abc118_c
118,abc,D.MatchMatching,d,abc118_d
117,abc,A.EntranceExamination,a,abc117_a
117,abc,B.Polygon,b,abc117_b
117,abc,C.Streamline,c,abc117_c
117,abc,D.XXOR,d,abc117_d
116,abc,A.RightTriangle,a,abc116_a
116,abc,B.CollatzProblem,b,abc116_b
116,abc,C.GrandGarden,c,abc116_c
116,abc,D.VariousSushi,d,abc116_d
115,abc,A.ChristmasEveEveEve,a,abc115_a
115,abc,B.ChristmasEveEve,b,abc115_b
115,abc,C.ChristmasEve,c,abc115_c
115,abc,D.Christmas,d,abc115_d
114,abc,A.753,a,abc114_a
114,abc,B.754,b,abc114_b
114,abc,C.755,c,abc114_c
114,abc,D.756,d,abc114_d
113,abc,A.DiscountFare,a,abc113_a
113,abc,B.Palace,b,abc113_b
113,abc,C.ID,c,abc113_c
113,abc,D.NumberofAmidakuji,d,abc113_d
112,abc,A.ProgrammingEducation,a,abc112_a
112,abc,B.TimeLimitExceeded,b,abc112_b
112,abc,C.Pyramid,c,abc112_c
112,abc,D.Partition,d,abc112_d
111,abc,A.AtCoderBeginnerContest999,a,abc111_a
111,abc,B.AtCoderBeginnerContest111,b,abc111_b
111,abc,C./\/\/\/,a,arc103_a
111,abc,D.RobotArms,b,arc103_b
110,abc,A.MaximizetheFormula,a,abc110_a
110,abc,B.1DimensionalWorld'sTale,b,abc110_b
110,abc,C.StringTransformation,c,abc110_c
110,abc,D.Factorization,d,abc110_d
109,abc,A.ABC333,a,abc109_a
109,abc,B.Shiritori,b,abc109_b
109,abc,C.Skip,c,abc109_c
109,abc,D.MakeThemEven,d,abc109_d
108,abc,A.Pair,a,abc108_a
108,abc,B.RuinedSquare,b,abc108_b
108,abc,C.TriangularRelationship,a,arc102_a
108,abc,D.AllYourPathsareDifferentLengths,b,arc102_b
107,abc,A.Train,a,abc107_a
107,abc,B.GridCompression,b,abc107_b
107,abc,C.Candles,a,arc101_a
107,abc,D.MedianofMedians,b,arc101_b
106,abc,A.Garden,a,abc106_a
106,abc,B.105,b,abc106_b
106,abc,C.ToInfinity,c,abc106_c
106,abc,D.AtCoderExpress2,d,abc106_d
105,abc,A.AtCoderCrackers,a,abc105_a
105,abc,B.CakesandDonuts,b,abc105_b
105,abc,C.Base-2Number,c,abc105_c
105,abc,D.CandyDistribution,d,abc105_d
104,abc,A.RatedforMe,a,abc104_a
104,abc,B.AcCepted,b,abc104_b
104,abc,C.AllGreen,c,abc104_c
104,abc,D.WeLoveABC,d,abc104_d
103,abc,A.TaskSchedulingProblem,a,abc103_a
103,abc,B.StringRotation,b,abc103_b
103,abc,C.ModuloSummation,c,abc103_c
103,abc,D.IslandsWar,d,abc103_d
102,abc,A.Multipleof2andN,a,abc102_a
102,abc,B.MaximumDifference,b,abc102_b
102,abc,C.LinearApproximation,a,arc100_a
102,abc,D.EqualCut,b,arc100_b
101,abc,A.EatingSymbolsEasy,a,abc101_a
101,abc,B.DigitSums,b,abc101_b
101,abc,C.Minimization,a,arc099_a
101,abc,D.SnukeNumbers,b,arc099_b
100,abc,A.HappyBirthday!,a,abc100_a
100,abc,B.Ringo'sFavoriteNumbers,b,abc100_b
100,abc,C.*3or/2,c,abc100_c
100,abc,D.PatisserieABC,d,abc100_d
099,abc,A.ABD,a,abc099_a
099,abc,B.StoneMonument,b,abc099_b
099,abc,C.StrangeBank,c,abc099_c
099,abc,D.GoodGrid,d,abc099_d
098,abc,A.AddSubMul,a,abc098_a
098,abc,B.CutandCount,b,abc098_b
098,abc,C.Attention,a,arc098_a
098,abc,D.XorSum2,b,arc098_b
097,abc,A.ColorfulTransceivers,a,abc097_a
097,abc,B.Exponential,b,abc097_b
097,abc,C.K-thSubstring,a,arc097_a
097,abc,D.Equals,b,arc097_b
096,abc,A.DayofTakahashi,a,abc096_a
096,abc,B.MaximumSum,b,abc096_b
096,abc,C.GridRepainting2,c,abc096_c
096,abc,D.Five,FiveEverywhere,d,abc096_d
095,abc,A.SomethingonIt,a,abc095_a
095,abc,B.BitterAlchemy,b,abc095_b
095,abc,C.HalfandHalf,a,arc096_a
095,abc,D.StaticSushi,b,arc096_b
094,abc,A.CatsandDogs,a,abc094_a
094,abc,B.TollGates,b,abc094_b
094,abc,C.ManyMedians,a,arc095_a
094,abc,D.BinomialCoefficients,b,arc095_b
093,abc,A.abcofABC,a,abc093_a
093,abc,B.SmallandLargeIntegers,b,abc093_b
093,abc,C.SameIntegers,a,arc094_a
093,abc,D.WorstCase,b,arc094_b
092,abc,A.TravelingBudget,a,abc092_a
092,abc,B.Chocolate,b,abc092_b
092,abc,C.TravelingPlan,a,arc093_a
092,abc,D.GridComponents,b,arc093_b
091,abc,A.TwoCoins,a,abc091_a
091,abc,B.TwoColorsCardGame,b,abc091_b
091,abc,C.2DPlane2NPoints,a,arc092_a
091,abc,D.TwoSequences,b,arc092_b
090,abc,A.DiagonalString,a,abc090_a
090,abc,B.PalindromicNumbers,b,abc090_b
090,abc,C.Flip,Flip,andFlip......,a,arc091_a
090,abc,D.RemainderReminder,b,arc091_b
089,abc,A.Grouping2,a,abc089_a
089,abc,B.HinaArare,b,abc089_b
089,abc,C.March,c,abc089_c
089,abc,D.PracticalSkillTest,d,abc089_d
088,abc,A.InfiniteCoins,a,abc088_a
088,abc,B.CardGameforTwo,b,abc088_b
088,abc,C.Takahashi'sInformation,c,abc088_c
088,abc,D.GridRepainting,d,abc088_d
087,abc,A.BuyingSweets,a,abc087_a
087,abc,B.Coins,b,abc087_b
087,abc,C.Candies,a,arc090_a
087,abc,D.PeopleonaLine,b,arc090_b
086,abc,A.Product,a,abc086_a
086,abc,B.121,b,abc086_b
086,abc,C.Traveling,a,arc089_a
086,abc,D.Checker,b,arc089_b
085,abc,A.Already2018,a,abc085_a
085,abc,B.KagamiMochi,b,abc085_b
085,abc,C.Otoshidama,c,abc085_c
085,abc,D.KatanaThrower,d,abc085_d
084,abc,A.NewYear,a,abc084_a
084,abc,B.PostalCode,b,abc084_b
084,abc,C.SpecialTrains,c,abc084_c
084,abc,D.2017-likeNumber,d,abc084_d
083,abc,A.Libra,a,abc083_a
083,abc,B.SomeSums,b,abc083_b
083,abc,C.MultipleGift,a,arc088_a
083,abc,D.WideFlip,b,arc088_b
082,abc,A.RoundUptheMean,a,abc082_a
082,abc,B.TwoAnagrams,b,abc082_b
082,abc,C.GoodSequence,a,arc087_a
082,abc,D.FTRobot,b,arc087_b
081,abc,A.PlacingMarbles,a,abc081_a
081,abc,B.Shiftonly,b,abc081_b
081,abc,C.NotsoDiverse,a,arc086_a
081,abc,D.Non-decreasing,b,arc086_b
080,abc,A.Parking,a,abc080_a
080,abc,B.HarshadNumber,b,abc080_b
080,abc,C.ShoppingStreet,c,abc080_c
080,abc,D.Recording,d,abc080_d
079,abc,A.GoodInteger,a,abc079_a
079,abc,B.LucasNumber,b,abc079_b
079,abc,C.TrainTicket,c,abc079_c
079,abc,D.Wall,d,abc079_d
078,abc,A.HEX,a,abc078_a
078,abc,B.ISU,b,abc078_b
078,abc,C.HSI,a,arc085_a
078,abc,D.ABS,b,arc085_b
077,abc,A.Rotation,a,abc077_a
077,abc,B.AroundSquare,b,abc077_b
077,abc,C.SnukeFestival,a,arc084_a
077,abc,D.SmallMultiple,b,arc084_b
076,abc,A.RatingGoal,a,abc076_a
076,abc,B.AdditionandMultiplication,b,abc076_b
076,abc,C.DubiousDocument2,c,abc076_c
076,abc,D.AtCoderExpress,d,abc076_d
075,abc,A.OneoutofThree,a,abc075_a
075,abc,B.Minesweeper,b,abc075_b
075,abc,C.Bridge,c,abc075_c
075,abc,D.Axis-ParallelRectangle,d,abc075_d
074,abc,A.BichromeCells,a,abc074_a
074,abc,B.CollectingBalls(EasyVersion),b,abc074_b
074,abc,C.SugarWater,a,arc083_a
074,abc,D.RestoringRoadNetwork,b,arc083_b
073,abc,A.September9,a,abc073_a
073,abc,B.Theater,b,abc073_b
073,abc,C.WriteandErase,c,abc073_c
073,abc,D.joisino'stravel,d,abc073_d
072,abc,A.Sandglass2,a,abc072_a
072,abc,B.OddString,b,abc072_b
072,abc,C.Together,a,arc082_a
072,abc,D.Derangement,b,arc082_b
071,abc,A.MealDelivery,a,abc071_a
071,abc,B.NotFound,b,abc071_b
071,abc,C.MakeaRectangle,a,arc081_a
071,abc,D.ColoringDominoes,b,arc081_b
070,abc,A.PalindromicNumber,a,abc070_a
070,abc,B.TwoSwitches,b,abc070_b
070,abc,C.MultipleClocks,c,abc070_c
070,abc,D.TransitTreePath,d,abc070_d
069,abc,A.K-City,a,abc069_a
069,abc,B.i18n,b,abc069_b
069,abc,C.4-adjacent,a,arc080_a
069,abc,D.GridColoring,b,arc080_b
068,abc,A.ABCxxx,a,abc068_a
068,abc,B.BreakNumber,b,abc068_b
068,abc,C.CatSnukeandaVoyage,a,arc079_a
068,abc,D.Decrease(Contestantver.),b,arc079_b
067,abc,A.SharingCookies,a,abc067_a
067,abc,B.SnakeToy,b,abc067_b
067,abc,C.SplittingPile,a,arc078_a
067,abc,D.FennecVS.Snuke,b,arc078_b
066,abc,A.ringring,a,abc066_a
066,abc,B.ss,b,abc066_b
066,abc,C.pushpush,a,arc077_a
066,abc,D.11,b,arc077_b
065,abc,A.Expired?,a,abc065_a
065,abc,B.Trained?,b,abc065_b
065,abc,C.Reconciled?,a,arc076_a
065,abc,D.Built?,b,arc076_b
064,abc,A.RGBCards,a,abc064_a
064,abc,B.TravelingAtCoDeerProblem,b,abc064_b
064,abc,C.ColorfulLeaderboard,c,abc064_c
064,abc,D.Insertion,d,abc064_d
063,abc,A.Restricted,a,abc063_a
063,abc,B.Varied,b,abc063_b
063,abc,C.Bugged,a,arc075_a
063,abc,D.Widespread,b,arc075_b
062,abc,A.Grouping,a,abc062_a
062,abc,B.PictureFrame,b,abc062_b
062,abc,C.ChocolateBar,a,arc074_a
062,abc,D.3NNumbers,b,arc074_b
061,abc,A.BetweenTwoIntegers,a,abc061_a
061,abc,B.CountingRoads,b,abc061_b
061,abc,C.BigArray,c,abc061_c
061,abc,D.ScoreAttack,d,abc061_d
060,abc,A.Shiritori,a,abc060_a
060,abc,B.ChooseIntegers,b,abc060_b
060,abc,C.Sentou,a,arc073_a
060,abc,D.SimpleKnapsack,b,arc073_b
059,abc,A.Three-letteracronym,a,abc059_a
059,abc,B.Comparison,b,abc059_b
059,abc,C.Sequence,a,arc072_a
059,abc,D.Alice&Brown,b,arc072_b
058,abc,A.ι⊥l,a,abc058_a
058,abc,B.∵∴∵,b,abc058_b
058,abc,C.怪文書/DubiousDocument,a,arc071_a
058,abc,D.井井井/###,b,arc071_b
057,abc,A.RemainingTime,a,abc057_a
057,abc,B.Checkpoints,b,abc057_b
057,abc,C.DigitsinMultiplication,c,abc057_c
057,abc,D.MaximumAverageSets,d,abc057_d
056,abc,A.HonestOrDishonest,a,abc056_a
056,abc,B.NarrowRectanglesEasy,b,abc056_b
056,abc,C.GoHome,a,arc070_a
056,abc,D.NoNeed,b,arc070_b
055,abc,A.Restaurant,a,abc055_a
055,abc,B.TrainingCamp,b,abc055_b
055,abc,C.SccPuzzle,a,arc069_a
055,abc,D.Menagerie,b,arc069_b
054,abc,A.OneCardPoker,a,abc054_a
054,abc,B.TemplateMatching,b,abc054_b
054,abc,C.One-strokePath,c,abc054_c
054,abc,D.MixingExperiment,d,abc054_d
053,abc,A.ABC/ARC,a,abc053_a
053,abc,B.AtoZString,b,abc053_b
053,abc,C.X:YetAnotherDieGame,a,arc068_a
053,abc,D.CardEater,b,arc068_b
052,abc,A.TwoRectangles,a,abc052_a
052,abc,B.IncrementDecrement,b,abc052_b
052,abc,C.FactorsofFactorial,a,arc067_a
052,abc,D.WalkandTeleport,b,arc067_b
051,abc,A.Haiku,a,abc051_a
051,abc,B.SumofThreeIntegers,b,abc051_b
051,abc,C.BackandForth,c,abc051_c
051,abc,D.CandidatesofNoShortestPaths,d,abc051_d
050,abc,A.AdditionandSubtractionEasy,a,abc050_a
050,abc,B.ContestwithDrinksEasy,b,abc050_b
050,abc,C.LiningUp,a,arc066_a
050,abc,D.XorSum,b,arc066_b
049,abc,A.居合を終え、青い絵を覆う/UOIAUAI,a,abc049_a
049,abc,B.たてなが/Thin,b,abc049_b
049,abc,C.白昼夢/Daydream,a,arc065_a
049,abc,D.連結/Connectivity,b,arc065_b
048,abc,A.AtCoder***Contest,a,abc048_a
048,abc,B.Betweenaandb...,b,abc048_b
048,abc,C.BoxesandCandies,a,arc064_a
048,abc,D.AnOrdinaryGame,b,arc064_b
047,abc,A.キャンディーと2人の子供/FightingoverCandies,a,abc047_a
047,abc,B.すぬけ君の塗り絵2イージー/Snuke'sColoring2(ABCEdit),b,abc047_b
047,abc,C.一次元リバーシ/1DReversi,a,arc063_a
047,abc,D.高橋君と見えざる手/AnInvisibleHand,b,arc063_b
046,abc,A.AtCoDeerくんとペンキ/AtCoDeerandPaintCans,a,abc046_a
046,abc,B.AtCoDeerくんとボール色塗り/PaintingBallswithAtCoDeer,b,abc046_b
046,abc,C.AtCoDeerくんと選挙速報/AtCoDeerandElectionReport,a,arc062_a
046,abc,D.AtCoDeerくんと変なじゃんけん/AtCoDeerandRock-Paper,b,arc062_b
045,abc,A.台形/Trapezoids,a,abc045_a
045,abc,B.3人でカードゲームイージー/CardGameforThree(ABCEdit),b,abc045_b
045,abc,C.たくさんの数式/ManyFormulas,a,arc061_a
045,abc,D.すぬけ君の塗り絵/Snuke'sColoring,b,arc061_b
044,abc,A.高橋君とホテルイージー/TakandHotels(ABCEdit),a,abc044_a
044,abc,B.美しい文字列/BeautifulStrings,b,abc044_b
044,abc,C.高橋君とカード/TakandCards,a,arc060_a
044,abc,D.桁和/DigitSum,b,arc060_b
043,abc,A.キャンディーとN人の子供イージー/ChildrenandCandies(ABCEdit),a,abc043_a
043,abc,B.バイナリハックイージー/UnhappyHacking(ABCEdit),b,abc043_b
043,abc,C.いっしょ/BeTogether,a,arc059_a
043,abc,D.アンバランス/Unbalanced,b,arc059_b
042,abc,A.和風いろはちゃんイージー/IrohaandHaiku(ABCEdition),a,abc042_a
042,abc,B.文字列大好きいろはちゃんイージー/IrohaLovesStrings(ABCEdition),b,abc042_b
042,abc,C.こだわり者いろはちゃん/Iroha'sObsession,a,arc058_a
042,abc,D.いろはちゃんとマス目/IrohaandaGrid,b,arc058_b
041,abc,A.添字,a,abc041_a
041,abc,B.直方体,b,abc041_b
041,abc,C.背の順,c,abc041_c
041,abc,D.徒競走,d,abc041_d
040,abc,A.赤赤赤赤青,a,abc040_a
040,abc,B.□□□□□,b,abc040_b
040,abc,C.柱柱柱柱柱,c,abc040_c
040,abc,D.道路の老朽化対策について,d,abc040_d
039,abc,A.高橋直体,a,abc039_a
039,abc,B.エージェント高橋君,b,abc039_b
039,abc,C.ピアニスト高橋君,c,abc039_c
039,abc,D.画像処理高橋君,d,abc039_d
038,abc,A.お茶,a,abc038_a
038,abc,B.ディスプレイ,b,abc038_b
038,abc,C.単調増加,c,abc038_c
038,abc,D.プレゼント,d,abc038_d
037,abc,A.饅頭,a,abc037_a
037,abc,B.編集,b,abc037_b
037,abc,C.総和,c,abc037_c
037,abc,D.経路,d,abc037_d
036,abc,A.お茶,a,abc036_a
036,abc,B.回転,b,abc036_b
036,abc,C.座圧,c,abc036_c
036,abc,D.塗り絵,d,abc036_d
035,abc,A.テレビ,a,abc035_a
035,abc,B.ドローン,b,abc035_b
035,abc,C.オセロ,c,abc035_c
035,abc,D.トレジャーハント,d,abc035_d
034,abc,A.テスト,a,abc034_a
034,abc,B.ペア,b,abc034_b
034,abc,C.経路,c,abc034_c
034,abc,D.食塩水,d,abc034_d
033,abc,A.暗証番号,a,abc033_a
033,abc,B.町の合併,b,abc033_b
033,abc,C.数式の書き換え,c,abc033_c
033,abc,D.三角形の分類,d,abc033_d
032,abc,A.高橋君と青木君の好きな数,a,abc032_a
032,abc,B.高橋君とパスワード,b,abc032_b
032,abc,C.列,c,abc032_c
032,abc,D.ナップサック問題,d,abc032_d
031,abc,A.ゲーム,a,abc031_a
031,abc,B.運動管理,b,abc031_b
031,abc,C.数列ゲーム,c,abc031_c
031,abc,D.語呂合わせ,d,abc031_d
030,abc,A.勝率計算,a,abc030_a
030,abc,B.時計盤,b,abc030_b
030,abc,C.飛行機乗り,c,abc030_c
030,abc,D.へんてこ辞書,d,abc030_d
029,abc,A.複数形,a,abc029_a
029,abc,B.カキ,b,abc029_b
029,abc,C.Brute-forceAttack,c,abc029_c
029,abc,D.1,d,abc029_d
028,abc,A.テスト評価,a,abc028_a
028,abc,B.文字数カウント,b,abc028_b
028,abc,C.数を3つ選ぶマン,c,abc028_c
028,abc,D.乱数生成,d,abc028_d
027,abc,A.長方形,a,abc027_a
027,abc,B.島と橋,b,abc027_b
027,abc,C.倍々ゲーム,c,abc027_c
027,abc,D.ロボット,d,abc027_d
026,abc,A.掛け算の最大値,a,abc026_a
026,abc,B.N重丸,b,abc026_b
026,abc,C.高橋君の給料,c,abc026_c
026,abc,D.高橋君ボール1号,d,abc026_d
025,abc,A.25個の文字列,a,abc025_a
025,abc,B.双子とスイカ割り,b,abc025_b
025,abc,C.双子と○×ゲーム,c,abc025_c
025,abc,D.25個の整数,d,abc025_d
024,abc,A.動物園,a,abc024_a
024,abc,B.自動ドア,b,abc024_b
024,abc,C.民族大移動,c,abc024_c
024,abc,D.動的計画法,d,abc024_d
023,abc,A.加算王,a,abc023_a
023,abc,B.手芸王,b,abc023_b
023,abc,C.収集王,c,abc023_c
023,abc,D.射撃王,d,abc023_d
022,abc,A.BestBody,a,abc022_a
022,abc,B.BumbleBee,b,abc022_b
022,abc,C.BlueBird,c,abc022_c
022,abc,D.BigBang,d,abc022_d
021,abc,A.足し算,a,abc021_a
021,abc,B.嘘つきの高橋くん,b,abc021_b
021,abc,C.正直者の高橋くん,c,abc021_c
021,abc,D.多重ループ,d,abc021_d
020,abc,A.クイズ,a,abc020_a
020,abc,B.足し算,b,abc020_b
020,abc,C.壁抜け,c,abc020_c
020,abc,D.LCMRush,d,abc020_d
019,abc,A.高橋くんと年齢,1,abc019_1
019,abc,B.高橋くんと文字列圧縮,2,abc019_2
019,abc,C.高橋くんと魔法の箱,3,abc019_3
019,abc,D.高橋くんと木の直径,4,abc019_4
018,abc,A.豆まき,1,abc018_1
018,abc,B.文字列の反転,2,abc018_2
018,abc,C.菱型カウント,3,abc018_3
018,abc,D.バレンタインデー,4,abc018_4
017,abc,A.プロコン,1,abc017_1
017,abc,B.choku語,2,abc017_2
017,abc,C.ハイスコア,3,abc017_3
017,abc,D.サプリメント,4,abc017_4
016,abc,A.12月6日,1,abc016_1
016,abc,B.A±BProblem,2,abc016_2
016,abc,C.友達の友達,3,abc016_3
016,abc,D.一刀両断,4,abc016_4
015,abc,A.高橋くんの研修,1,abc015_1
015,abc,B.高橋くんの集計,2,abc015_2
015,abc,C.高橋くんのバグ探し,3,abc015_3
015,abc,D.高橋くんの苦悩,4,abc015_4
014,abc,A.けんしょう先生のお菓子配り,1,abc014_1
014,abc,B.価格の合計,2,abc014_2
014,abc,C.AtColor,3,abc014_3
014,abc,D.閉路,4,abc014_4
013,abc,A.A,1,abc013_1
013,abc,B.錠,2,abc013_2
013,abc,C.節制,3,abc013_3
013,abc,D.阿弥陀,4,abc013_4
012,abc,A.スワップ,1,abc012_1
012,abc,B.入浴時間,2,abc012_2
012,abc,C.九九足し算,3,abc012_3
012,abc,D.バスと避けられない運命,4,abc012_4
011,abc,A.来月は何月？,1,abc011_1
011,abc,B.名前の確認,2,abc011_2
011,abc,C.123引き算,3,abc011_3
011,abc,D.大ジャンプ,4,abc011_4
010,abc,A.ハンドルネーム,1,abc010_1
010,abc,B.花占い,2,abc010_2
010,abc,C.浮気調査,3,abc010_3
010,abc,D.浮気予防,4,abc010_4
009,abc,A.引越し作業,1,abc009_1
009,abc,B.心配性な富豪、ファミリーレストランに行く。,2,abc009_2
009,abc,C.辞書式順序ふたたび,3,abc009_3
009,abc,D.漸化式,4,abc009_4
008,abc,A.アルバム,1,abc008_1
008,abc,B.投票,2,abc008_2
008,abc,C.コイン,3,abc008_3
008,abc,D.金塊ゲーム,4,abc008_4
007,abc,A.植木算,1,abc007_1
007,abc,B.辞書式順序,2,abc007_2
007,abc,C.幅優先探索,3,abc007_3
007,abc,D.禁止された数字,4,abc007_4
006,abc,A.世界のFizzBuzz,1,abc006_1
006,abc,B.トリボナッチ数列,2,abc006_2
006,abc,C.スフィンクスのなぞなぞ,3,abc006_3
006,abc,D.トランプ挿入ソート,4,abc006_4
005,abc,A.おいしいたこ焼きの作り方,1,abc005_1
005,abc,B.おいしいたこ焼きの食べ方,2,abc005_2
005,abc,C.おいしいたこ焼きの売り方,3,abc005_3
005,abc,D.おいしいたこ焼きの焼き方,4,abc005_4
004,abc,A.流行,1,abc004_1
004,abc,B.回転,2,abc004_2
004,abc,C.入れ替え,3,abc004_3
004,abc,D.マーブル,4,abc004_4
003,abc,A.AtCoder社の給料,1,abc003_1
003,abc,B.AtCoderトランプ,2,abc003_2
003,abc,C.AtCoderプログラミング講座,3,abc003_3
003,abc,D.AtCoder社の冬,4,abc003_4
002,abc,A.正直者,1,abc002_1
002,abc,B.罠,2,abc002_2
002,abc,C.直訴,3,abc002_3
002,abc,D.派閥,4,abc002_4
001,abc,A.積雪深差,1,abc001_1
001,abc,B.視程の通報,2,abc001_2
001,abc,C.風力観測,3,abc001_3
001,abc,D.感雨時刻の整理,4,abc001_4
103,arc,C./\/\/\/,a,arc103_a
103,arc,D.RobotArms,b,arc103_b
103,arc,E.Tr/ee,c,arc103_c
103,arc,F.DistanceSums,d,arc103_d
102,arc,C.TriangularRelationship,a,arc102_a
102,arc,D.AllYourPathsareDifferentLengths,b,arc102_b
102,arc,E.Stop.Otherwise...,c,arc102_c
102,arc,F.RevengeofBBuBBBlesort!,d,arc102_d
101,arc,C.Candles,a,arc101_a
101,arc,D.MedianofMedians,b,arc101_b
101,arc,E.RibbonsonTree,c,arc101_c
101,arc,F.RobotsandExits,d,arc101_d
100,arc,C.LinearApproximation,a,arc100_a
100,arc,D.EqualCut,b,arc100_b
100,arc,E.OrPlusMax,c,arc100_c
100,arc,F.ColorfulSequences,d,arc100_d
099,arc,C.Minimization,a,arc099_a
099,arc,D.SnukeNumbers,b,arc099_b
099,arc,E.Independence,c,arc099_c
099,arc,F.EatingSymbolsHard,d,arc099_d
098,arc,C.Attention,a,arc098_a
098,arc,D.XorSum2,b,arc098_b
098,arc,E.RangeMinimumQueries,c,arc098_c
098,arc,F.Donation,d,arc098_d
097,arc,C.K-thSubstring,a,arc097_a
097,arc,D.Equals,b,arc097_b
097,arc,E.SortedandSorted,c,arc097_c
097,arc,F.MonochromeCat,d,arc097_d
096,arc,C.HalfandHalf,a,arc096_a
096,arc,D.StaticSushi,b,arc096_b
096,arc,E.EverythingonIt,c,arc096_c
096,arc,F.SweetAlchemy,d,arc096_d
095,arc,C.ManyMedians,a,arc095_a
095,arc,D.BinomialCoefficients,b,arc095_b
095,arc,E.SymmetricGrid,c,arc095_c
095,arc,F.PermutationTree,d,arc095_d
094,arc,C.SameIntegers,a,arc094_a
094,arc,D.WorstCase,b,arc094_b
094,arc,E.TozanandGezan,c,arc094_c
094,arc,F.Normalization,d,arc094_d
093,arc,C.TravelingPlan,a,arc093_a
093,arc,D.GridComponents,b,arc093_b
093,arc,E.BichromeSpanningTree,c,arc093_c
093,arc,F.DarkHorse,d,arc093_d
092,arc,C.2DPlane2NPoints,a,arc092_a
092,arc,D.TwoSequences,b,arc092_b
092,arc,E.BothSidesMerger,c,arc092_c
092,arc,F.TwoFacedEdges,d,arc092_d
091,arc,C.Flip,Flip,andFlip......,a,arc091_a
091,arc,D.RemainderReminder,b,arc091_b
091,arc,E.LISDL,c,arc091_c
091,arc,F.StrangeNim,d,arc091_d
090,arc,C.Candies,a,arc090_a
090,arc,D.PeopleonaLine,b,arc090_b
090,arc,E.AvoidingCollision,c,arc090_c
090,arc,F.NumberofDigits,d,arc090_d
089,arc,C.Traveling,a,arc089_a
089,arc,D.Checker,b,arc089_b
089,arc,E.GraphXY,c,arc089_c
089,arc,F.ColoringBalls,d,arc089_d
088,arc,C.MultipleGift,a,arc088_a
088,arc,D.WideFlip,b,arc088_b
088,arc,E.PappleSort,c,arc088_c
088,arc,F.ChristmasTree,d,arc088_d
087,arc,C.GoodSequence,a,arc087_a
087,arc,D.FTRobot,b,arc087_b
087,arc,E.Prefix-freeGame,c,arc087_c
087,arc,F.SquirrelMigration,d,arc087_d
086,arc,C.NotsoDiverse,a,arc086_a
086,arc,D.Non-decreasing,b,arc086_b
086,arc,E.SmugglingMarbles,c,arc086_c
086,arc,F.ShiftandDecrement,d,arc086_d
085,arc,C.HSI,a,arc085_a
085,arc,D.ABS,b,arc085_b
085,arc,E.MUL,c,arc085_c
085,arc,F.NRE,d,arc085_d
084,arc,C.SnukeFestival,a,arc084_a
084,arc,D.SmallMultiple,b,arc084_b
084,arc,E.FiniteEncyclopediaofIntegerSequences,c,arc084_c
084,arc,F.XorShift,d,arc084_d
083,arc,C.SugarWater,a,arc083_a
083,arc,D.RestoringRoadNetwork,b,arc083_b
083,arc,E.BichromeTree,c,arc083_c
083,arc,F.CollectingBalls,d,arc083_d
082,arc,C.Together,a,arc082_a
082,arc,D.Derangement,b,arc082_b
082,arc,E.ConvexScore,c,arc082_c
082,arc,F.Sandglass,d,arc082_d
081,arc,C.MakeaRectangle,a,arc081_a
081,arc,D.ColoringDominoes,b,arc081_b
081,arc,E.Don'tBeaSubsequence,c,arc081_c
081,arc,F.FlipandRectangles,d,arc081_d
080,arc,C.4-adjacent,a,arc080_a
080,arc,D.GridColoring,b,arc080_b
080,arc,E.YoungMaids,c,arc080_c
080,arc,F.PrimeFlip,d,arc080_d
079,arc,C.CatSnukeandaVoyage,a,arc079_a
079,arc,D.Decrease(Contestantver.),b,arc079_b
079,arc,E.Decrease(Judgever.),c,arc079_c
079,arc,F.NamoriGrundy,d,arc079_d
078,arc,C.SplittingPile,a,arc078_a
078,arc,D.FennecVS.Snuke,b,arc078_b
078,arc,E.AwkwardResponse,c,arc078_c
078,arc,F.MoleandAbandonedMine,d,arc078_d
077,arc,C.pushpush,a,arc077_a
077,arc,D.11,b,arc077_b
077,arc,E.guruguru,c,arc077_c
077,arc,F.SS,d,arc077_d
076,arc,C.Reconciled?,a,arc076_a
076,arc,D.Built?,b,arc076_b
076,arc,E.Connected?,c,arc076_c
076,arc,F.Exhausted?,d,arc076_d
075,arc,C.Bugged,a,arc075_a
075,arc,D.Widespread,b,arc075_b
075,arc,E.MeaningfulMean,c,arc075_c
075,arc,F.Mirrored,d,arc075_d
074,arc,C.ChocolateBar,a,arc074_a
074,arc,D.3NNumbers,b,arc074_b
074,arc,E.RGBSequence,c,arc074_c
074,arc,F.LotusLeaves,d,arc074_d
073,arc,C.Sentou,a,arc073_a
073,arc,D.SimpleKnapsack,b,arc073_b
073,arc,E.BallColoring,c,arc073_c
073,arc,F.ManyMoves,d,arc073_d
072,arc,C.Sequence,a,arc072_a
072,arc,D.Alice&Brown,b,arc072_b
072,arc,E.Aliceinlinearland,c,arc072_c
072,arc,F.Dam,d,arc072_d
071,arc,C.怪文書/DubiousDocument,a,arc071_a
071,arc,D.井井井/###,b,arc071_b
071,arc,E.TrBBnsformBBtion,c,arc071_c
071,arc,F.InfiniteSequence,d,arc071_d
070,arc,C.GoHome,a,arc070_a
070,arc,D.NoNeed,b,arc070_b
070,arc,E.NarrowRectangles,c,arc070_c
070,arc,F.HonestOrUnkind,d,arc070_d
069,arc,C.SccPuzzle,a,arc069_a
069,arc,D.Menagerie,b,arc069_b
069,arc,E.Frequency,c,arc069_c
069,arc,F.Flags,d,arc069_d
068,arc,C.X:YetAnotherDieGame,a,arc068_a
068,arc,D.CardEater,b,arc068_b
068,arc,E.SnukeLine,c,arc068_c
068,arc,F.Solitaire,d,arc068_d
067,arc,C.FactorsofFactorial,a,arc067_a
067,arc,D.WalkandTeleport,b,arc067_b
067,arc,E.Grouping,c,arc067_c
067,arc,F.YakinikuRestaurants,d,arc067_d
066,arc,C.LiningUp,a,arc066_a
066,arc,D.XorSum,b,arc066_b
066,arc,E.AdditionandSubtractionHard,c,arc066_c
066,arc,F.ContestwithDrinksHard,d,arc066_d
065,arc,C.白昼夢/Daydream,a,arc065_a
065,arc,D.連結/Connectivity,b,arc065_b
065,arc,E.へんなコンパス/ManhattanCompass,c,arc065_c
065,arc,F.シャッフル/Shuffling,d,arc065_d
064,arc,C.BoxesandCandies,a,arc064_a
064,arc,D.AnOrdinaryGame,b,arc064_b
064,arc,E.CosmicRays,c,arc064_c
064,arc,F.RotatedPalindromes,d,arc064_d
063,arc,C.一次元リバーシ/1DReversi,a,arc063_a
063,arc,D.高橋君と見えざる手/AnInvisibleHand,b,arc063_b
063,arc,E.木と整数/IntegersonaTree,c,arc063_c
063,arc,F.すぬけ君の塗り絵2/Snuke'sColoring2,d,arc063_d
062,arc,C.AtCoDeerくんと選挙速報/AtCoDeerandElectionReport,a,arc062_a
062,arc,D.AtCoDeerくんと変なじゃんけん/AtCoDeerandRock-Paper,b,arc062_b
062,arc,E.AtCoDeerくんと立方体づくり/BuildingCubeswithAtCoDeer,c,arc062_c
062,arc,F.AtCoDeerくんとグラフ色塗り/PaintingGraphswithAtCoDeer,d,arc062_d
061,arc,C.たくさんの数式/ManyFormulas,a,arc061_a
061,arc,D.すぬけ君の塗り絵/Snuke'sColoring,b,arc061_b
061,arc,E.すぬけ君の地下鉄旅行/Snuke'sSubwayTrip,c,arc061_c
061,arc,F.3人でカードゲーム/CardGameforThree,d,arc061_d
060,arc,C.高橋君とカード/TakandCards,a,arc060_a
060,arc,D.桁和/DigitSum,b,arc060_b
060,arc,E.高橋君とホテル/TakandHotels,c,arc060_c
060,arc,F.最良表現/BestRepresentation,d,arc060_d
059,arc,C.いっしょ/BeTogether,a,arc059_a
059,arc,D.アンバランス/Unbalanced,b,arc059_b
059,arc,E.キャンディーとN人の子供/ChildrenandCandies,c,arc059_c
059,arc,F.バイナリハック/UnhappyHacking,d,arc059_d
058,arc,C.こだわり者いろはちゃん/Iroha'sObsession,a,arc058_a
058,arc,D.いろはちゃんとマス目/IrohaandaGrid,b,arc058_b
058,arc,E.和風いろはちゃん/IrohaandHaiku,c,arc058_c
058,arc,F.文字列大好きいろはちゃん/IrohaLovesStrings,d,arc058_d
057,arc,A.2兆円,a,arc057_a
057,arc,B.高橋君ゲーム,b,arc057_b
057,arc,C.2乗根,c,arc057_c
057,arc,D.全域木,d,arc057_d
056,arc,A.みんなでワイワイみかん,a,arc056_a
056,arc,B.駐車場,b,arc056_b
056,arc,C.部門分け,c,arc056_c
056,arc,D.サケノミ,d,arc056_d
055,arc,A.数え上げ,a,arc055_a
055,arc,B.せんべい,b,arc055_b
055,arc,C.ABCAC,c,arc055_c
055,arc,D.隠された等差数列,d,arc055_d
054,arc,A.動く歩道,a,arc054_a
054,arc,B.ムーアの法則,b,arc054_b
054,arc,C.鯛焼き,c,arc054_c
054,arc,D.バブルソート,d,arc054_d
053,arc,A.ドミノ色塗り,a,arc053_a
053,arc,B.回文分割,b,arc053_b
053,arc,C.魔法使い高橋君,c,arc053_c
053,arc,D.2つの山札,d,arc053_d
052,arc,A.何期生？,a,arc052_a
052,arc,B.円錐,b,arc052_b
052,arc,C.高橋くんと不思議な道,c,arc052_c
052,arc,D.9,d,arc052_d
051,arc,A.塗り絵,a,arc051_a
051,arc,B.互除法,b,arc051_b
051,arc,C.掛け算,c,arc051_c
051,arc,D.長方形,d,arc051_d
050,arc,A.大文字と小文字,a,arc050_a
050,arc,B.花束,b,arc050_b
050,arc,C.LCM111,c,arc050_c
050,arc,D.SuffixConcat,d,arc050_d
049,arc,A.強調,a,arc049_a
049,arc,B.高橋ノルム君,b,arc049_b
049,arc,C.ぬりまーす,c,arc049_c
049,arc,D.すわっぷしまーす,d,arc049_d
048,arc,A.階段の下,a,arc048_a
048,arc,B.AtCoderでじゃんけんを,b,arc048_b
048,arc,C.足の多い高橋君,c,arc048_c
048,arc,D.たこ焼き屋とQ人の高橋君,d,arc048_d
047,arc,A.タブの開きすぎ,a,arc047_a
047,arc,B.同一円周上,b,arc047_b
047,arc,C.N!÷K番目の単語,c,arc047_c
047,arc,D.ナナメクエリ,d,arc047_d
046,arc,A.ゾロ目数,a,arc046_a
046,arc,B.石取り大作戦,b,arc046_b
046,arc,C.合コン大作戦,c,arc046_c
046,arc,D.うさぎとマス目,d,arc046_d
045,arc,A.スペース高橋君,a,arc045_a
045,arc,B.ドキドキデート大作戦高橋君,b,arc045_b
045,arc,C.エックスオア多橋君,c,arc045_c
045,arc,D.みんな仲良し高橋君,d,arc045_d
044,arc,A.素数判定,a,arc044_a
044,arc,B.最短路問題,b,arc044_b
044,arc,C.ビーム,c,arc044_c
044,arc,D.suffixarray,d,arc044_d
043,arc,A.点数変換,a,arc043_a
043,arc,B.難易度,b,arc043_b
043,arc,C.転倒距離,c,arc043_c
043,arc,D.引っ越し,d,arc043_d
042,arc,A.掲示板,a,arc042_a
042,arc,B.アリの高橋くん,b,arc042_b
042,arc,C.おやつ,c,arc042_c
042,arc,D.あまり,d,arc042_d
041,arc,A.コインの反転,a,arc041_a
041,arc,B.アメーバ,b,arc041_b
041,arc,C.ウサギ跳び,c,arc041_c
041,arc,D.辺彩色,d,arc041_d
040,arc,A.床塗り,a,arc040_a
040,arc,B.直線塗り,b,arc040_b
040,arc,C.Z塗り,c,arc040_c
040,arc,D.カクカク塗り,d,arc040_d
039,arc,A.A-Bproblem,a,arc039_a
039,arc,B.高橋幼稚園,b,arc039_b
039,arc,C.幼稚園児高橋君,c,arc039_c
039,arc,D.旅行会社高橋君,d,arc039_d
038,arc,A.カードと兄妹,a,arc038_a
038,arc,B.マス目と駒,b,arc038_b
038,arc,C.茶碗と豆,c,arc038_c
038,arc,D.有向グラフと数,d,arc038_d
037,arc,A.全優,a,arc037_a
037,arc,B.バウムテスト,b,arc037_b
037,arc,C.億マス計算,c,arc037_c
037,arc,D.ChaoticPolygons,d,arc037_d
036,arc,A.ぐっすり,a,arc036_a
036,arc,B.山のデータ,b,arc036_b
036,arc,C.偶然ジェネレータ,c,arc036_c
036,arc,D.偶数メートル,d,arc036_d
035,arc,A.高橋くんと回文,a,arc035_a
035,arc,B.アットコーダー王国のコンテスト事情,b,arc035_b
035,arc,C.アットコーダー王国の交通事情,c,arc035_c
035,arc,D.高橋くんとマラソンコース,d,arc035_d
034,arc,A.首席,1,arc034_1
034,arc,B.方程式,2,arc034_2
034,arc,C.約数かつ倍数,3,arc034_3
034,arc,D.インフレゲーム,4,arc034_4
033,arc,A.隠れた言葉,1,arc033_1
033,arc,B.メタ構文変数,2,arc033_2
033,arc,C.データ構造,3,arc033_3
033,arc,D.見たことのない多項式,4,arc033_4
032,arc,A.ホリドッグ,1,arc032_1
032,arc,B.道路工事,2,arc032_2
032,arc,C.仕事計画,3,arc032_3
032,arc,D.アットコーダーモンスターズ,4,arc032_4
031,arc,A.名前,1,arc031_1
031,arc,B.埋め立て,2,arc031_2
031,arc,C.積み木,3,arc031_3
031,arc,D.買い物上手,4,arc031_4
030,arc,A.閉路グラフ,1,arc030_1
030,arc,B.ツリーグラフ,2,arc030_2
030,arc,C.有向グラフ,3,arc030_3
030,arc,D.グラフではない,4,arc030_4
029,arc,A.高橋君とお肉,1,arc029_1
029,arc,B.高橋君と禁断の書,2,arc029_2
029,arc,C.高橋君と国家,3,arc029_3
029,arc,D.高橋君と木のおもちゃ,4,arc029_4
028,arc,A.小石を取るゲーム,1,arc028_1
028,arc,B.特別賞,2,arc028_2
028,arc,C.高橋王国の分割統治,3,arc028_3
028,arc,D.注文の多い高橋商店,4,arc028_4
027,arc,A.門限,1,arc027_1
027,arc,B.大事な数なのでZ回書きまLた。,2,arc027_2
027,arc,C.最高のトッピングにしような,3,arc027_3
027,arc,D.ぴょんぴょんトレーニング,4,arc027_4
026,arc,A.ダイナミックなポーズ,1,arc026_1
026,arc,B.完全数,2,arc026_2
026,arc,C.蛍光灯,3,arc026_3
026,arc,D.道を直すお仕事,4,arc026_4
025,arc,A.ゴールドラッシュ,1,arc025_1
025,arc,B.チョコレート,2,arc025_2
025,arc,C.ウサギとカメ,3,arc025_3
025,arc,D.コンセント,4,arc025_4
024,arc,A.くつがくっつく,1,arc024_1
024,arc,B.赤と黒の木,2,arc024_2
024,arc,C.だれじゃ,3,arc024_3
024,arc,D.バス停,4,arc024_4
023,arc,A.経過日数,1,arc023_1
023,arc,B.謎の人物X,2,arc023_2
023,arc,C.タコヤ木,3,arc023_3
023,arc,D.GCD区間,4,arc023_4
022,arc,A.スーパーICT高校生,1,arc022_1
022,arc,B.細長いお菓子,2,arc022_2
022,arc,C.ロミオとジュリエット,3,arc022_3
022,arc,D.スプリンクラー,4,arc022_4
021,arc,A.DEADEND,1,arc021_1
021,arc,B.YourNumbersareXORed...,2,arc021_2
021,arc,C.増築王高橋君,3,arc021_3
021,arc,D.だいたい最小全域木,4,arc021_4
020,arc,A.石を滑らせるゲーム,1,arc020_1
020,arc,B.縞模様,2,arc020_2
020,arc,C.AmodBProblem,3,arc020_3
020,arc,D.お菓子の国の旅行,4,arc020_4
019,arc,A.お買い物クライシス,1,arc019_1
019,arc,B.こだわりの名前,2,arc019_2
019,arc,C.最後の森,3,arc019_3
019,arc,D.ほんとうのたたかい,4,arc019_4
018,arc,A.BMI,1,arc018_1
018,arc,B.格子点と整数,2,arc018_2
018,arc,C.席替え,3,arc018_3
018,arc,D.僕は友達が少ない,4,arc018_4
017,arc,A.素数、コンテスト、素数,1,arc017_1
017,arc,B.解像度が低い。,2,arc017_2
017,arc,C.無駄なものが嫌いな人,3,arc017_3
017,arc,D.ARCたんクッキー,4,arc017_4
016,arc,A.クイズゲーム,1,arc016_1
016,arc,B.音楽ゲーム,2,arc016_2
016,arc,C.ソーシャルゲーム,3,arc016_3
016,arc,D.軍艦ゲーム,4,arc016_4
015,arc,A.CelsiusとFahrenheit,1,arc015_1
015,arc,B.真冬日？真夏日？,2,arc015_2
015,arc,C.変わった単位,3,arc015_3
015,arc,D.きんいろクッキー,4,arc015_4
014,arc,A.君が望むなら世界中全てのたこ焼きを赤と青に染め上げよう,1,arc014_1
014,arc,B.あの日したしりとりの結果を僕達はまだ知らない。,2,arc014_2
014,arc,C.魂の還る場所,3,arc014_3
014,arc,D.grepマスター,4,arc014_4
013,arc,A.梱包できるかな？,1,arc013_1
013,arc,B.引越しできるかな？,2,arc013_2
013,arc,C.笑いをとれるかな？,3,arc013_3
013,arc,D.切り分けできるかな？,4,arc013_4
012,arc,A.週末,1,arc012_1
012,arc,B.アキレスと亀,2,arc012_2
012,arc,C.五目並べチェッカー,3,arc012_3
012,arc,D.Don'tworry.BeTogether,4,arc012_4
011,arc,A.鉛筆リサイクルの新技術,1,arc011_1
011,arc,B.ルイス・キャロルの記憶術,2,arc011_2
011,arc,C.ダブレット,3,arc011_3
011,arc,D.きつねさんからの挑戦状,4,arc011_4
010,arc,A.名刺交換,1,arc010_1
010,arc,B.超大型連休,2,arc010_2
010,arc,C.積み上げパズル,3,arc010_3
010,arc,D.情報伝播,4,arc010_4
009,arc,A.元気にお使い！高橋君,1,arc009_1
009,arc,B.おとぎの国の高橋君,2,arc009_2
009,arc,C.高橋君、24歳,3,arc009_3
009,arc,D.覚醒ノ高橋君,4,arc009_4
008,arc,A.たこ焼き買えるかな？,1,arc008_1
008,arc,B.謎のたこ焼きおじさん,2,arc008_2
008,arc,C.THE☆たこ焼き祭り2012,3,arc008_3
008,arc,D.タコヤキオイシクナール,4,arc008_4
007,arc,A.帰ってきた器物損壊！高橋君,1,arc007_1
007,arc,B.迷子のCDケース,2,arc007_2
007,arc,C.節約生活,3,arc007_3
007,arc,D.破れた宿題,4,arc007_4
006,arc,A.宝くじ,1,arc006_1
006,arc,B.あみだくじ,2,arc006_2
006,arc,C.積み重ね,3,arc006_3
006,arc,D.アルファベット探し,4,arc006_4
005,arc,A.大好き高橋君,1,arc005_1
005,arc,B.P-CASカードと高橋君,2,arc005_2
005,arc,C.器物損壊！高橋君,3,arc005_3
005,arc,D.連射王高橋君,4,arc005_4
004,arc,A.2点間距離の最大値(Thelongestdistance),1,arc004_1
004,arc,B.2点間距離の最大と最小(MaximumandMinimum),2,arc004_2
004,arc,C.平均値太郎の憂鬱(ThemelancholyofTaroHeikinchi),3,arc004_3
004,arc,D.表現の自由(Freedomofexpression),4,arc004_4
003,arc,A.GPA計算,1,arc003_1
003,arc,B.さかさま辞書,2,arc003_2
003,arc,C.暗闇帰り道,3,arc003_3
003,arc,D.シャッフル席替え,4,arc003_4
002,arc,A.うるう年,1,arc002_1
002,arc,B.割り切れる日付,2,arc002_2
002,arc,C.コマンド入力,3,arc002_3
002,arc,D.ボードゲーム,4,arc002_4
001,arc,A.センター採点,1,arc001_1
001,arc,B.リモコン,2,arc001_2
001,arc,C.パズルのお手伝い,3,arc001_3
001,arc,D.レースゲーム,4,arc001_4
041,agc,A.TableTennisTraining,a,agc041_a
041,agc,B.VotingJudges,b,agc041_b
041,agc,C.DominoQuality,c,agc041_c
041,agc,D.ProblemScores,d,agc041_d
041,agc,E.BalancingNetwork,e,agc041_e
041,agc,F.HistogramRooks,f,agc041_f
040,agc,A.><,a,agc040_a
040,agc,B.TwoContests,b,agc040_b
040,agc,C.NeitherABnorBA,c,agc040_c
040,agc,D.BalanceBeam,d,agc040_d
040,agc,E.PrefixSuffixAddition,e,agc040_e
040,agc,F.TwoPieces,f,agc040_f
039,agc,A.ConnectionandDisconnection,a,agc039_a
039,agc,B.GraphPartition,b,agc039_b
039,agc,C.DivisionbyTwowithSomething,c,agc039_c
039,agc,D.Incenters,d,agc039_d
039,agc,E.PairingPoints,e,agc039_e
039,agc,F.MinProductSum,f,agc039_f
038,agc,A.01Matrix,a,agc038_a
038,agc,B.SortingaSegment,b,agc038_b
038,agc,C.LCMs,c,agc038_c
038,agc,D.UniquePath,d,agc038_d
038,agc,E.Gachapon,e,agc038_e
038,agc,F.TwoPermutations,f,agc038_f
037,agc,A.DividingaString,a,agc037_a
037,agc,B.RGBBalls,b,agc037_b
037,agc,C.NumbersonaCircle,c,agc037_c
037,agc,D.SortingaGrid,d,agc037_d
037,agc,E.ReversingandConcatenating,e,agc037_e
037,agc,F.CountingofSubarrays,f,agc037_f
036,agc,A.Triangle,a,agc036_a
036,agc,B.DoNotDuplicate,b,agc036_b
036,agc,C.GP2,c,agc036_c
036,agc,D.NegativeCycle,d,agc036_d
036,agc,E.ABCString,e,agc036_e
036,agc,F.SquareConstraints,f,agc036_f
035,agc,A.XORCircle,a,agc035_a
035,agc,B.EvenDegrees,b,agc035_b
035,agc,C.SkolemXORTree,c,agc035_c
035,agc,D.AddandRemove,d,agc035_d
035,agc,E.Develop,e,agc035_e
035,agc,F.TwoHistograms,f,agc035_f
034,agc,A.KenkenRace,a,agc034_a
034,agc,B.ABC,b,agc034_b
034,agc,C.Tests,c,agc034_c
034,agc,D.ManhattanMaxMatching,d,agc034_d
034,agc,E.CompleteCompress,e,agc034_e
034,agc,F.RNGandXOR,f,agc034_f
033,agc,A.DarkerandDarker,a,agc033_a
033,agc,B.LRUDGame,b,agc033_b
033,agc,C.RemovingCoins,c,agc033_c
033,agc,D.Complexity,d,agc033_d
033,agc,E.GoaroundaCircle,e,agc033_e
033,agc,F.AddingEdges,f,agc033_f
032,agc,A.LimitedInsertion,a,agc032_a
032,agc,B.BalancedNeighbors,b,agc032_b
032,agc,C.ThreeCircuits,c,agc032_c
032,agc,D.RotationSort,d,agc032_d
032,agc,E.ModuloPairing,e,agc032_e
032,agc,F.OneThird,f,agc032_f
031,agc,A.ColorfulSubsequence,a,agc031_a
031,agc,B.Reversi,b,agc031_b
031,agc,C.Differby1Bit,c,agc031_c
031,agc,D.ASequenceofPermutations,d,agc031_d
031,agc,E.SnukethePhantomThief,e,agc031_e
031,agc,F.WalkonGraph,f,agc031_f
030,agc,A.PoisonousCookies,a,agc030_a
030,agc,B.TreeBurning,b,agc030_b
030,agc,C.ColoringTorus,c,agc030_c
030,agc,D.InversionSum,d,agc030_d
030,agc,E.Lessthan3,e,agc030_e
030,agc,F.PermutationandMinimum,f,agc030_f
029,agc,A.Irreversibleoperation,a,agc029_a
029,agc,B.Powersoftwo,b,agc029_b
029,agc,C.Lexicographicconstraints,c,agc029_c
029,agc,D.Gridgame,d,agc029_d
029,agc,E.WanderingTKHS,e,agc029_e
029,agc,F.Constructionofatree,f,agc029_f
028,agc,A.TwoAbbreviations,a,agc028_a
028,agc,B.RemovingBlocks,b,agc028_b
028,agc,C.MinCostCycle,c,agc028_c
028,agc,D.Chords,d,agc028_d
028,agc,E.HighElements,e,agc028_e
028,agc,F.ReachableCells,f,agc028_f
028,agc,F2.ReachableCells,f2,agc028_f2
027,agc,A.CandyDistributionAgain,a,agc027_a
027,agc,B.GarbageCollector,b,agc027_b
027,agc,C.ABlandYard,c,agc027_c
027,agc,D.ModuloMatrix,d,agc027_d
027,agc,E.ABBreviate,e,agc027_e
027,agc,F.Grafting,f,agc027_f
026,agc,A.ColorfulSlimes2,a,agc026_a
026,agc,B.rng_10s,b,agc026_b
026,agc,C.StringColoring,c,agc026_c
026,agc,D.HistogramColoring,d,agc026_d
026,agc,E.SynchronizedSubsequence,e,agc026_e
026,agc,F.ManjuGame,f,agc026_f
025,agc,A.DigitsSum,a,agc025_a
025,agc,B.RGBColoring,b,agc025_b
025,agc,C.IntervalGame,c,agc025_c
025,agc,D.ChoosingPoints,d,agc025_d
025,agc,E.WalkingonaTree,e,agc025_e
025,agc,F.AdditionandAndition,f,agc025_f
024,agc,A.Fairness,a,agc024_a
024,agc,B.Backfront,b,agc024_b
024,agc,C.SequenceGrowingEasy,c,agc024_c
024,agc,D.IsomorphismFreak,d,agc024_d
024,agc,E.SequenceGrowingHard,e,agc024_e
024,agc,F.SimpleSubsequenceProblem,f,agc024_f
023,agc,A.Zero-SumRanges,a,agc023_a
023,agc,B.FindSymmetries,b,agc023_b
023,agc,C.PaintingMachines,c,agc023_c
023,agc,D.GoHome,d,agc023_d
023,agc,E.Inversions,e,agc023_e
023,agc,F.01onTree,f,agc023_f
022,agc,A.DiverseWord,a,agc022_a
022,agc,B.GCDSequence,b,agc022_b
022,agc,C.RemainderGame,c,agc022_c
022,agc,D.Shopping,d,agc022_d
022,agc,E.MedianReplace,e,agc022_e
022,agc,F.Checkers,f,agc022_f
021,agc,A.DigitSum2,a,agc021_a
021,agc,B.Holes,b,agc021_b
021,agc,C.Tiling,c,agc021_c
021,agc,D.ReversedLCS,d,agc021_d
021,agc,E.BallEatChameleons,e,agc021_e
021,agc,F.Trinity,f,agc021_f
020,agc,A.MoveandWin,a,agc020_a
020,agc,B.IceRinkGame,b,agc020_b
020,agc,C.MedianSum,c,agc020_c
020,agc,D.MinMaxRepetition,d,agc020_d
020,agc,E.EncodingSubsets,e,agc020_e
020,agc,F.ArcsonaCircle,f,agc020_f
019,agc,A.IceTeaStore,a,agc019_a
019,agc,B.ReverseandCompare,b,agc019_b
019,agc,C.FountainWalk,c,agc019_c
019,agc,D.ShiftandFlip,d,agc019_d
019,agc,E.ShuffleandSwap,e,agc019_e
019,agc,F.YesorNo,f,agc019_f
018,agc,A.GettingDifference,a,agc018_a
018,agc,B.SportsFestival,b,agc018_b
018,agc,C.Coins,c,agc018_c
018,agc,D.TreeandHamiltonPath,d,agc018_d
018,agc,E.SightseeingPlan,e,agc018_e
018,agc,F.TwoTrees,f,agc018_f
017,agc,A.Biscuits,a,agc017_a
017,agc,B.ModerateDifferences,b,agc017_b
017,agc,C.SnukeandSpells,c,agc017_c
017,agc,D.GameonTree,d,agc017_d
017,agc,E.Jigsaw,e,agc017_e
017,agc,F.Zigzag,f,agc017_f
016,agc,A.Shrinking,a,agc016_a
016,agc,B.ColorfulHats,b,agc016_b
016,agc,C.+/-Rectangle,c,agc016_c
016,agc,D.XORReplace,d,agc016_d
016,agc,E.PoorTurkeys,e,agc016_e
016,agc,F.GamesonDAG,f,agc016_f
015,agc,A.A+...+BProblem,a,agc015_a
015,agc,B.Evilator,b,agc015_b
015,agc,C.NuskevsPhantomThnook,c,agc015_c
015,agc,D.Aor...orBProblem,d,agc015_d
015,agc,E.Mr.AokiIncubator,e,agc015_e
015,agc,F.KenustheAncientGreek,f,agc015_f
014,agc,A.CookieExchanges,a,agc014_a
014,agc,B.UnplannedQueries,b,agc014_b
014,agc,C.ClosedRooms,c,agc014_c
014,agc,D.BlackandWhiteTree,d,agc014_d
014,agc,E.BlueandRedTree,e,agc014_e
014,agc,F.StrangeSorting,f,agc014_f
013,agc,A.SortedArrays,a,agc013_a
013,agc,B.HamiltonishPath,b,agc013_b
013,agc,C.AntsonaCircle,c,agc013_c
013,agc,D.PilingUp,d,agc013_d
013,agc,E.PlacingSquares,e,agc013_e
013,agc,F.TwoFacedCards,f,agc013_f
012,agc,A.AtCoderGroupContest,a,agc012_a
012,agc,B.SplatterPainting,b,agc012_b
012,agc,C.TautonymPuzzle,c,agc012_c
012,agc,D.ColorfulBalls,d,agc012_d
012,agc,E.CamelandOases,e,agc012_e
012,agc,F.PrefixMedian,f,agc012_f
011,agc,A.AirportBus,a,agc011_a
011,agc,B.ColorfulCreatures,b,agc011_b
011,agc,C.SquaredGraph,c,agc011_c
011,agc,D.HalfReflector,d,agc011_d
011,agc,E.IncreasingNumbers,e,agc011_e
011,agc,F.TrainServicePlanning,f,agc011_f
010,agc,A.Addition,a,agc010_a
010,agc,B.Boxes,b,agc010_b
010,agc,C.Cleaning,c,agc010_c
010,agc,D.Decrementing,d,agc010_d
010,agc,E.Rearranging,e,agc010_e
010,agc,F.TreeGame,f,agc010_f
009,agc,A.MultipleArray,a,agc009_a
009,agc,B.Tournament,b,agc009_b
009,agc,C.DivisionintoTwo,c,agc009_c
009,agc,D.Uninity,d,agc009_d
009,agc,E.EternalAverage,e,agc009_e
008,agc,A.SimpleCalculator,a,agc008_a
008,agc,B.ContiguousRepainting,b,agc008_b
008,agc,C.TetrominoTiling,c,agc008_c
008,agc,D.K-thK,d,agc008_d
008,agc,E.NextorNextnext,e,agc008_e
008,agc,F.BlackRadius,f,agc008_f
007,agc,A.ShikandStone,a,agc007_a
007,agc,B.ConstructSequences,b,agc007_b
007,agc,C.PushingBalls,c,agc007_c
007,agc,D.ShikandGame,d,agc007_d
007,agc,E.ShikandTravel,e,agc007_e
007,agc,F.ShikandCopyingString,f,agc007_f
006,agc,A.PrefixandSuffix,a,agc006_a
006,agc,B.MedianPyramidEasy,b,agc006_b
006,agc,C.RabbitExercise,c,agc006_c
006,agc,D.MedianPyramidHard,d,agc006_d
006,agc,E.Rotate3x3,e,agc006_e
006,agc,F.Blackout,f,agc006_f
005,agc,A.STring,a,agc005_a
005,agc,B.MinimumSum,b,agc005_b
005,agc,C.TreeRestoring,c,agc005_c
005,agc,D.~KPermCounting,d,agc005_d
005,agc,E.Sugigma:TheShowdown,e,agc005_e
005,agc,F.ManyEasyProblems,f,agc005_f
004,agc,A.DivideaCuboid,a,agc004_a
004,agc,B.ColorfulSlimes,b,agc004_b
004,agc,C.ANDGrid,c,agc004_c
004,agc,D.Teleporter,d,agc004_d
004,agc,E.SalvageRobots,e,agc004_e
004,agc,F.Namori,f,agc004_f
003,agc,A.Wannagobackhome,a,agc003_a
003,agc,B.Simplifiedmahjong,b,agc003_b
003,agc,C.BBuBBBlesort!,c,agc003_c
003,agc,D.Anticube,d,agc003_d
003,agc,E.SequentialoperationsonSequence,e,agc003_e
003,agc,F.FractionofFractal,f,agc003_f
002,agc,A.RangeProduct,a,agc002_a
002,agc,B.BoxandBall,b,agc002_b
002,agc,C.KnotPuzzle,c,agc002_c
002,agc,D.StampRally,d,agc002_d
002,agc,E.CandyPiles,e,agc002_e
002,agc,F.LeftmostBall,f,agc002_f
001,agc,A.BBQEasy,a,agc001_a
001,agc,B.MysteriousLight,b,agc001_b
001,agc,C.ShortenDiameter,c,agc001_c
001,agc,D.ArraysandPalindrome,d,agc001_d
001,agc,E.BBQHard,e,agc001_e
001,agc,F.WideSwap,f,agc001_f
